nombres;partido;sector;genero
Alejandro Felipe Ricotti Sepulveda;IND;Independiente;masculino
Carlos Orlando Tapia Aviles;IND;Independiente;masculino
Gaston Dubournais Riveros;IND;Independiente;masculino
Marcela Maritza Mansilla Potocnjak;IND;Independiente;femenino
Marco Antonio Gonzalez Candia;RN;Derecha;masculino
Maria Luisa Hamilton Velasco;IND;Independiente;femenino
Nulo/Blanco;;Otros;masculino
Veronica Maricel Cueto Cueto;IND;Independiente;femenino
Andrea Elizabeth Galvez Sepulveda;REP;Derecha;femenino
Jose Andres Arellano Blanco;IND;Independiente;masculino
Marcela Chamorro Macias;IND;Izquierda;femenino
Patricio Bastias Gonzalez;IND;Derecha;masculino
Andres Puelma Huenchucan;IND;Independiente;masculino
Felix Segundo Vita Manquepi;IND;Izquierda;masculino
Maria Cristina Medina Castro;IND;Independiente;femenino
Miriam Curriao Espuñan;IND;Independiente;femenino
Cecilia Angelica Anacona Garate;IND;Independiente;femenino
Cristian Didy Olivares Iriarte;PR;Izquierda;masculino
Iván Alberto Flores Villalobos;PDG;Derecha;masculino
Juan Emilio Pallauta Rojas;IND;Derecha;masculino
Raul Ardiles Ramirez;IND;Independiente;masculino
Fernando Ortega Ortega;PSC;Derecha;masculino
Patricio Elias Ferreira Rivera;PDC;Centro;masculino
Ramon Galleguillos Castillo;RN;Derecha;masculino
Tanya Jacqueline Precilla Cruz;IND;Independiente;femenino
Aliro Caimapo Oyarzo;UDI;Derecha;masculino
Andres Antonio Ojeda Care;IND;Independiente;masculino
Carlos Gustavo Seitz Aspee;REP;Derecha;masculino
Eduardo Raul Alvarez Vidal;IND;Independiente;masculino
Juan Elias Sanhueza Vargas;PSC;Derecha;masculino
Monica Pamela Maldonado Velasquez;IND;Independiente;femenino
Angela Guerra Araya;IND;Derecha;femenino
Carlos Perez Suarez;IND;Independiente;masculino
Dixon Pablo Pasten Guerrero;IND;Independiente;masculino
Gerald Albert Cerda Pizarro;IND;Independiente;masculino
Juan Carlos Alfaro Aravena;PS;Izquierda;masculino
Magaly Gonzalez Lucay;IND;Independiente;masculino
Mauricio Carmona Bravo;IND;Independiente;masculino
Cesar Rodrigo Riquelme Oñate;IND;Independiente;masculino
Eduardo Contreras Diaz;IND;Independiente;masculino
Enrique Neira Neira;IND;Derecha;masculino
Mario Venegas Cardenas;PDC;Centro;masculino
Maximiliano Radonich Radonich;IND;Independiente;masculino
Sergio Anibal Paredes Montoya;DEMOCRATAS;Derecha;masculino
Victor Manoli Nazal;IND;Independiente;masculino
Arturo Storaker Molina;UDI;Derecha;masculino
Carlos Alberto Soto Anguita;IND;Independiente;masculino
Patricio Fernández Alarcon;PDC;Centro;masculino
Adela Maria Pizarro Goncalvez;PH;Izquierda;femenino
Daniela Beatriz Aviles Honores;IND;Independiente;femenino
Eslayne Portilla Barraza;IND;Independiente;masculino
Jonathan Velasquez Ramirez;IND;Independiente;masculino
Luis Andres Aguilera Villegas;IND;Independiente;masculino
Pablo Andres Iriarte Ramirez;PCCH;Izquierda;masculino
Ricardo Vargas Valenzuela;PDG;Derecha;masculino
Roberto Carlos Soto Alballay;REP;Derecha;masculino
Sacha Razmilic Burgos;EVOPOLI;Derecha;masculino
Carla Canales Pacheco;PS;Izquierda;masculino
Cristhian Alexy Gonzalez Sandoval;IND;Independiente;masculino
Gabriel Aquiles Gallegos Sepulveda;PDG;Derecha;masculino
Miguel Abuter Leon;IND;Independiente;masculino
Sandra Bobadilla Cisterna;IND;Independiente;femenino
Elizabeth Marican Rivas;IND;Independiente;femenino
Gonzalo Mauricio Gayoso Saez;PS;Izquierda;masculino
Mauricio Alarcon Guzman;IND;Derecha;masculino
Walter Rodriguez Leal;IND;Independiente;masculino
Daniel Chipana Castro;IND;Independiente;masculino
Esteban Claudio Romero Mamani;IND;Independiente;masculino
Gerardo Espindola Rojas;PL;Izquierda;masculino
Jorge Armando Guillen Olivares;IND;Independiente;masculino
Jose Gustavo Lee Rodriguez;IND;Independiente;masculino
Orlando Severo Vargas Pizarro;IND;Independiente;masculino
Raul Gil Gonzalez;UDI;Derecha;masculino
Rayko Alejandro Karmelic Pavlov;PDG;Derecha;masculino
Sebastián Arellano Pescetto;IND;Independiente;masculino
Stephanie Jeldrez Ortiz;REP;Derecha;masculino
Julio Esteban Confucio Uribe Alvarado;IND;Izquierda;masculino
Luis Martínez Gallardo;UDI;Derecha;masculino
Sergio Arturo Gonzalez Borquez;IND;Independiente;masculino
Carlos Enrique Caro Briso;PH;Izquierda;masculino
Marcelo Alvarez Alvarez;FREVS;Izquierda;masculino
Miguel Araya Lobos;UDI;Derecha;masculino
Rodrigo Perez Vidal;PAVP;Izquierda;masculino
Gonzalo Bustamante Troncoso;IND;Derecha;masculino
Guillermo Alejandro Yeber Rodriguez;IND;Independiente;masculino
Juan Arevalo Rojas;IND;Independiente;masculino
Patricio Andres Velozo Flores;PR;Izquierda;masculino
Gonzalo Miquel Wenke;IND;Derecha;masculino
Nelson Fernando Lazcano Silva;IND;Independiente;masculino
Patricio Aliaga Diaz;IND;Independiente;masculino
Piera Romina Collao Segura;IND;Independiente;masculino
Victor Donoso Oyanedel;PDC;Centro;masculino
Daniel Eduardo Merino Gamonal;PDG;Derecha;masculino
Pablo Antonio Gierke Quevedo;IND;Independiente;masculino
Yusef Sabag Araneda;IND;Independiente;masculino
Alejandra Oliden Vega;IND;Independiente;femenino
Carolina Paz Latorre Cruz;DEMOCRATAS;Derecha;femenino
Daniel Agusto Perez;IND;Independiente;masculino
Eliecer Daniel Chamorro Vargas;FREVS;Izquierda;masculino
Leslie Moll Vera;PSC;Derecha;masculino
Sergio Jorge Rodrigo Marmie Ibarrondo;PDG;Derecha;masculino
Carlos Mansilla Gallardo;IND;Independiente;masculino
Juan Francisco Calbucoy Guerrero;IND;Independiente;masculino
Lorena Ester Perez Toro;REP;Derecha;femenino
Marco Andres Silva Maldonado;IND;Independiente;masculino
Ruben Rolando Cardenas Gomez;PR;Izquierda;masculino
Sergio Garcia Alvarez;UDI;Derecha;masculino
Brunilda Clementina Gonzalez Anjel;PPD;Centro;masculino
Jaime Del Carmen Hidalgo Cruz;AMARILLOS;Centro;masculino
Manuel Nanjari Contreras;IND;Derecha;masculino
Rebeca Ines Salinas Bernal;POPULAR;Izquierda;femenino
Eduardo Ignacio Martínez Machuca;IND;Independiente;masculino
Johnny Piraino Meneses;IND;Izquierda;masculino
Constanza Raquel Valenzuela Rocuant;IND;Izquierda;femenino
Hortensia Mora Catalan;UDI;Derecha;femenino
Marcelo Cepeda Rojas;IND;Independiente;masculino
Dina Patricia Gonzalez Alfaro;PS;Izquierda;femenino
Fresia Ruth Quezada Contreras;IND;Independiente;masculino
Héctor Rodrigo Silva Tapia;IND;Independiente;masculino
Marcelo Castillo Varas;IND;Derecha;masculino
Cristian Zavala Soto;PDC;Centro;masculino
Evelyn Mamani Viza;IND;Independiente;masculino
Monica Chamaca Castro;IND;Derecha;femenino
Sandra Challapa Mamani;PSC;Derecha;femenino
Manuel Angel Navarro Vega;PCCH;Izquierda;masculino
Nestor Valle Tapia;IND;Independiente;masculino
Ruben Orlando Cortes Campusano;IND;Independiente;masculino
Waldo Enrique Contreras Cortes;IND;Independiente;masculino
Alejandro Saez Veliz;IND;Derecha;masculino
Helmuth Martínez Llancapan;IND;Independiente;masculino
Jonnathan Hidalgo Quezada;PS;Izquierda;masculino
Cynthia Acuña Silva;PSC;Derecha;femenino
Fany Alejandra Zuñiga Zuñiga;IND;Independiente;femenino
Lidia Silva Garcia;IND;Derecha;femenino
Osvaldo Cartagena Garcia;IND;Independiente;masculino
Patricia Alejandra Quiroz Pehuenche;PPD;Centro;femenino
Raul Eduardo Lorca Merino;DEMOCRATAS;Derecha;masculino
Alexander Gabriel Aranguiz Meza;DEMOCRATAS;Derecha;masculino
Francisco Javier Riquelme Lopez;FA;Izquierda;masculino
Karen Antonieta Ordoñez Urzua;IND;Independiente;femenino
Marcelo Andres Pozo Cerda;IND;Independiente;masculino
Rodrigo Martínez Roca;RN;Derecha;masculino
Baltazar Elgueta Cheuquepil;PS;Izquierda;masculino
Jaime Leonel Guerrero Sepulveda;IND;Independiente;masculino
Juan Eduardo Vera Sanhueza;IND;Derecha;masculino
Boris Luksic Nieto;IND;Derecha;masculino
Rodrigo Eduardo Diaz Brito;IND;Izquierda;masculino
Alejandra Concha Urrutia;DEMOCRATAS;Derecha;femenino
Jorge Muñoz Saavedra;IND;Derecha;masculino
Nery Cristina Rodriguez Dominguez;IND;Independiente;femenino
Ricardo Andres Verdugo Sepulveda;IND;Independiente;masculino
Carlos Leonardo Carvajal Castro;PCCH;Izquierda;masculino
Gustavo Jara Bertin;IND;Independiente;masculino
Jorge Radonich Barra;RN;Derecha;masculino
Juan Carlos Andrade Opazo;IND;Independiente;masculino
Alejandro Almendares Muller;RN;Derecha;masculino
Johnny Yañez Diaz;IND;Independiente;masculino
Lorena Facuse Rojas;IND;Izquierda;femenino
Luis Moises Cortes Ibarra;REP;Derecha;masculino
Nehel Enrique Muñoz Lagos;IND;Independiente;masculino
Orfilia Castro Tobar;IND;Independiente;femenino
Iris Lilian Morales Olivares;FREVS;Izquierda;femenino
Jose Caceres Muñoz;PSC;Derecha;masculino
Jose Sepulveda Zelada;IND;Independiente;masculino
Julieta Santibañez Latorre;RN;Derecha;femenino
Mauro Tamayo Rozas;IND;Independiente;masculino
Pilar Carolina Roa Alarcon;IND;Independiente;femenino
Clara Lazcano Fernández;IND;Derecha;femenino
Marcelo Javier Añazco Negron;IND;Izquierda;masculino
Eudaldo Hernan Gonzalez Manriquez;IND;Independiente;masculino
Marcelo Osvaldo Waddington Guajardo;PR;Izquierda;masculino
Sergio Octavio Larrain Muñoz;IND;Independiente;masculino
Viviana Diaz Meza;RN;Derecha;femenino
Alex Ahumada Monroy;RN;Derecha;masculino
Carmen De Las Mercedes Gonzalez Pizarro;IND;Independiente;femenino
Isaias Florencio Zavala Torres;IND;Independiente;masculino
Margarita Alicia Flores Salazar;PR;Izquierda;femenino
Mauricio Alejandro Rivera Blanco;IND;Independiente;masculino
Nelson Eduardo Olave Farias;IND;Independiente;masculino
Rudy Patricio Salas Luna;IND;Independiente;masculino
Fabian Soto Gonzalez;PS;Izquierda;masculino
Iván Valenzuela Palacios;IND;Derecha;masculino
Max Canales Castro;PDG;Derecha;masculino
Andres Parra Sandoval;PS;Izquierda;masculino
Jessica Flores Reyes;IND;Independiente;masculino
Jorge Lozano Zapata;IND;Independiente;masculino
Juan Francisco Bruneth Vera;PDG;Derecha;masculino
Marissa Barro Queirolo;UDI;Derecha;femenino
Ximena Bravo Urrea;IND;Independiente;masculino
Ariel Keim Hermosilla;IND;Independiente;masculino
Gonzalo Cruces Alvarez;RN;Derecha;masculino
Ricardo Enrique Ibarra Valdebenito;IND;Independiente;masculino
Santos Fidel Sepulveda Avilez;IND;Izquierda;masculino
Camilo Francisco Benavente Jimenez;PPD;Centro;masculino
Eduardo Aedo Castillo;PAVP;Izquierda;masculino
Fernando Briones Contreras;IND;Independiente;masculino
John Andrades Andrades;IND;Independiente;masculino
Sergio Zarzar Andonie;IND;Derecha;masculino
Claudia Rubilar Sierra;IND;Independiente;femenino
Jorge Andres Del Pozo Pastene;IND;Independiente;masculino
Karla Muñoz Maldonado;IND;Independiente;femenino
Rafael Palavecino Troncozo;PS;Izquierda;masculino
Sergio Herman Contreras Navarro;AMARILLOS;Centro;masculino
Valentino Andres Urrutia Cabrera;IND;Independiente;masculino
Carlos German Reyes Fecci;IND;Independiente;masculino
Doris Edith Rodriguez Zavalla;IND;Izquierda;femenino
Marco Antonio Contreras Jorquera;IND;Derecha;masculino
Alvaro Labraña Opazo;IND;Derecha;masculino
Francisca Sylvia Huirilef Barra;IND;Independiente;masculino
Hilario Huirilef Barra;IND;Independiente;masculino
Luis Raul Huenchuleo Gallegos;IND;Independiente;masculino
Maria Cristina Painemal Painemal;IND;Izquierda;femenino
Anakenna Mancilla Vega;PS;Izquierda;masculino
Fernando Oyarzun Macias;RN;Derecha;masculino
Jose Enrique Navarro Oyarzo;IND;Independiente;masculino
Francisco Roncagliolo Lepio;RN;Derecha;masculino
Gloria Del Carmen Cadagan Opazo;IND;Izquierda;masculino
Jorge Eduardo Romero Villalobos;IND;Independiente;masculino
Julio Manuel Alberto Fuentes Alarcon;PR;Izquierda;masculino
Maritza Elena Alarcon Vera;IND;Derecha;femenino
Carlos Hernan Alfredo Soto Sotomayor;IND;Izquierda;masculino
Eliseo Facundo Bahamonde Turra;IND;Independiente;masculino
Francisco Javier Donoso Oyarzun;IND;Independiente;masculino
Jesus Silverio Morales Rosales;IND;Independiente;masculino
Pablo Cesar Marin Tellez;REP;Derecha;masculino
Jorge Eduardo Calderon Nuñez;PR;Izquierda;masculino
Patricio Ulloa Georgia;UDI;Derecha;masculino
Ana Maria Silva Gutierrez;DEMOCRATAS;Derecha;femenino
Jose Flores Osorio;IND;Independiente;masculino
Juan Carrasco Rodriguez;IND;Izquierda;masculino
Patricio Adan Castro Carrillo;IND;Independiente;masculino
Sebastián Padilla Ortega;IND;Independiente;masculino
Alejandro Rodrigo Pedreros Urrutia;IND;Izquierda;masculino
Miguel Garrido Dominguez;UDI;Derecha;masculino
Pedro Enrique Ramirez Glade;IND;Independiente;masculino
Hugo Alberto Claveria Nova;PSC;Derecha;masculino
Juan Carlos Saez Freire;IND;Independiente;masculino
Juan Muñoz Quezada;UDI;Derecha;masculino
Luis Amestica Ponce;IND;Izquierda;masculino
Raul Humberto Martínez Gutierrez;IND;Independiente;masculino
Solanyen Cardenas Sandoval;IND;Independiente;masculino
Wilson Enrique Palma Jelves;IND;Independiente;masculino
Angel Rodrigo Gonzalez Carrasco;IND;Izquierda;masculino
Carlos Muñoz Rivera;EVOPOLI;Derecha;masculino
Juan Abarca Padilla;IND;Independiente;masculino
Gustavo Rojas Aravena;IND;Independiente;masculino
Jose Hernan Olivares Quiroz;EVOPOLI;Derecha;masculino
Juan Pablo Araya Vergara;IND;Centro;masculino
Pedro Pablo Muñoz Oses;IND;Independiente;masculino
Renato Hernandez Bravo;IND;Independiente;masculino
Javier Ignacio Garcia Choque;DEMOCRATAS;Derecha;masculino
Juan Segundo Choque Mamani;IND;Independiente;masculino
Kiara Antonia Aliaga Calderon;PS;Izquierda;masculino
Rosauro Donato Garcia Choque;IND;Independiente;masculino
Teofilo Pedro Mamani Garcia;IND;Independiente;masculino
Isabel Valenzuela Ahumada;UDI;Derecha;femenino
Luis Francisco Salinas Segura;IND;Independiente;masculino
Nicolas Raul Pavez Cuevas;FA;Izquierda;masculino
Claudio Ulloa Canales;IND;Independiente;masculino
Edison Sandoval Cadiz;IND;Independiente;masculino
Francisco Antonio Quiduleo Cabrera;IND;Centro;masculino
Juan Cristobal Cerda Fernández;IND;Independiente;masculino
Leonel Edgardo Arriagada Fuentes;IND;Independiente;masculino
Manuel Macaya Ramirez;RN;Derecha;masculino
Mery Anne Navia Venegas;IND;Independiente;femenino
Patricio Poblete Huenchumilla;IND;Independiente;masculino
Yuliana Ema Bustos Zapata;IND;Izquierda;femenino
Felix Sanchez Vergara;RN;Derecha;masculino
Marcial Abarca Orellana;IND;Independiente;masculino
Ruben Enrique Jorquera Vidal;IND;Izquierda;masculino
Elizabeth Salinas Valle;IND;Independiente;femenino
Juan Carlos Araya Araya;IND;Independiente;masculino
Juan Pablo Adonis Alvarez;IND;Centro;masculino
Juan Rodrigo Fuentes Fernández;IND;Izquierda;masculino
Juana Sarmiento Acosta;IND;Independiente;femenino
Marta Angelica Carvajal Cortes;IND;Independiente;femenino
Renan Ugalde Meza;IND;Independiente;masculino
Solercio Rojas Aguirre;IND;Independiente;masculino
Aldo Mardones Alarcon;PDC;Centro;masculino
Andrea De La Barra Manriquez;IND;Centro;femenino
Camilo Riffo Quintana;IND;Independiente;masculino
Héctor Muñoz Uribe;PSC;Derecha;masculino
Jaime Monjes Farias;IND;Independiente;masculino
James Daniel Argo Chavez;IND;Derecha;masculino
Valentina Pavez Van Rysselberghe;UDI;Derecha;femenino
Victor Fernando Avila Caamaño;PDG;Derecha;masculino
Erick Coñoman Garay;PH;Izquierda;masculino
Grace Andrea Arcos Maturana;PCCH;Izquierda;femenino
Macarena Garcia-Huidobro Llort;REP;Derecha;femenino
Maria Elena Valenzuela Pino;PAVP;Izquierda;femenino
Rene De La Vega Fuentes;IND;Independiente;masculino
Rodrigo Caramori Donoso;IND;Centro;masculino
Ronald Opazo Cerpa;IND;Independiente;masculino
Ruben Carvacho Rivera;IND;Independiente;masculino
Ariel Soto Lucero;IND;Independiente;femenino
Freddy Antonio Ramirez Villalobos;IND;Independiente;masculino
Ilen Carolina Saez Larravide;IND;Independiente;femenino
Luis Felipe Campodonico Espinoza;PDG;Derecha;masculino
Pablo Esteban Rojas Daydi;IND;Derecha;masculino
Carlos Benjamin Santa Maria Santa Maria;IND;Independiente;masculino
Carlos Valenzuela Gajardo;IND;Derecha;masculino
Carolina Manriquez Caceres;IND;Independiente;masculino
Fabian Perez Herrera;PR;Izquierda;masculino
Marina Guadalupe Muñoz Riquelme;IND;Independiente;femenino
Rodrigo Alexis Veloso Urrutia;IND;Independiente;masculino
Carlos Arturo Leal Neira;IND;Independiente;masculino
Eduardo Antonio Carrillo Neira;REP;Derecha;masculino
Marco Antonio Morales Muñoz;IND;Independiente;masculino
Esteban Mauricio Garcia Quevedo;IND;Independiente;masculino
Joana Andrea Barrios Paez;POPULAR;Izquierda;femenino
Luis Marcelino Nuñez Barrientos;IND;Centro;masculino
Maglio Honorio Cicardini Neyra;IND;Independiente;masculino
Marcos Lopez Rivera;PS;Izquierda;masculino
Maximiliano Barrionuevo Garcia;RN;Derecha;masculino
Sandor Guzman Fuentes;PSC;Derecha;masculino
Ali Manouchehri Moghadam Kashan Lobos;IND;Izquierda;masculino
Felipe Velasquez Navea;IND;Independiente;masculino
Guido Andre Hernandez Trujillo;IND;Independiente;masculino
Hilario Velasquez Olave;PSC;Derecha;masculino
Oscar Alfonso Collao Gutierrez;IND;Independiente;masculino
Rosetta Paris Avalos;IND;Derecha;femenino
Sergio Arnoldo Rojas Tapia;IND;Independiente;masculino
Bernardo Ulloa Pereira;IND;Derecha;masculino
Boris Chamorro Rebolledo;PS;Izquierda;masculino
Carmen Madinagoitia Chamorro;IND;Independiente;femenino
Cristian Alejandro Avendaño Zarate;PDG;Derecha;masculino
Renato Humberto Navarro Genta;REP;Derecha;masculino
Claudio Gonzalez Navarro;RN;Derecha;masculino
Gaston Hermogenes Perez Gonzalez;IND;Independiente;masculino
Juan Nolberto Valenzuela Gonzalez;PPD;Centro;masculino
Miguel Enrique Hernandez Mella;IND;Independiente;masculino
Carlos Gatica Villegas;PDC;Centro;masculino
Eugenio Canales Canales;IND;Independiente;masculino
Jaime Jorquera Herrera;PSC;Derecha;masculino
Luperciano Segundo Muñoz Gonzalez;IND;Independiente;masculino
Luz Valeria Villegas Ojeda;REP;Derecha;femenino
Cristian Moraga Lagos;IND;Independiente;masculino
Danilo Franklin Urrutia Carcamo;FREVS;Izquierda;masculino
Paolo Alberto Vivanco Manriquez;IND;Independiente;masculino
Rene Manuel Garcia Garcia;RN;Derecha;masculino
Rodrigo Pacheco Burgos;IND;Independiente;masculino
Hugo Vidal Merino;IND;Independiente;masculino
Luis Alberto Coulon Lopez;PR;Izquierda;masculino
Victor Manuel Barrera Barrera;IND;Derecha;masculino
Ariadne Patricia Conte Chassin-Trubert;PCCH;Izquierda;femenino
Blanca Rosa Concha Marambio;REP;Derecha;femenino
Christian Hernandez Villanueva;IND;Independiente;masculino
Katherine De La Vega Fuentes;IND;Derecha;femenino
Luis Humberto Alejandro Caamaño Arevalo;IND;Independiente;masculino
Maria Teresa Cagalj Kralj;IND;Independiente;femenino
Susana Cordova Gonzalez;IND;Independiente;femenino
Yovanna Fuentes Pino;IND;Independiente;femenino
Javiera Yañez Rebolledo;IND;Izquierda;femenino
Alejandra Burgos Bizama;IND;Independiente;femenino
Alvaro Valentin Sanchez Rojas;IND;Independiente;masculino
Felipe Sierra Alvarado;IND;Independiente;masculino
Jose Andres Aguilera Cruces;IND;Derecha;masculino
Luis Gengnagel Gutierrez;IND;Derecha;masculino
Nelson Egaña Osses;IND;Independiente;masculino
Christian Paolo Cartes Flores;IND;Izquierda;masculino
Claudio Henriquez Gonzalez;IND;Independiente;masculino
Daniel Parra Calabrano;IND;Independiente;masculino
Héctor Carrasco Ruiz;IND;Derecha;masculino
Timoteo Abel Maripil Pincheira;REP;Derecha;masculino
Edwin Rene Arancibia Rojas;IND;Independiente;masculino
Fernando Alcantara Barrios;IND;Derecha;masculino
Jose Manuel Valenzuela Gajardo;IND;Centro;masculino
Osvaldo Alfonso Barrios Castillo;IND;Izquierda;masculino
Carlos Felipe Drews Rubilar;IND;Independiente;masculino
Celso Morales Muñoz;UDI;Derecha;masculino
George Raphael Bordachar Sotomayor;IND;Independiente;masculino
Ines Rosa Mercedes Nuñez Mendez;IND;Independiente;femenino
Javier Ahumada Ramirez;IND;Izquierda;masculino
Pamela Andrea Henriquez Rojas;IND;Independiente;femenino
Alejandra Villegas Huichaman;IND;Derecha;femenino
Alex Waldemar Gomez Aguilar;IND;Izquierda;masculino
Carlos Roberto Cardenas Bahamonde;IND;Independiente;masculino
Juan Carlos Soto Cardenas;IND;Independiente;masculino
Yasna Cecilia Igor Guichacoy;IND;Independiente;femenino
Daniel Dragomir Galvez Goic;IND;Independiente;masculino
Jacqueline De Los Angeles Caceres Salas;IND;Independiente;femenino
Maria Miguelina Torrejon Rojas;PCCH;Izquierda;femenino
Mario Araya Rojas;RN;Derecha;masculino
Yanet Del Carmen Rubina Contreras;IND;Independiente;femenino
Boris Acuña Gonzalez;IND;Independiente;masculino
Ena Maria Catherine Olivares Bonatici;IND;Independiente;femenino
Jose Luis Fernández Henriquez;IND;Independiente;masculino
Macarena Evelyn Fierro Contreras;IND;Centro;masculino
Pabla Ponce Valle;IND;Independiente;masculino
Patricio Andres Labra Quiroz;IND;Izquierda;masculino
Rodrigo Soto Cespedes;PAVP;Izquierda;masculino
Felipe Ross Correa;REP;Derecha;masculino
Manuel Francisco Zuñiga Aguilar;PS;Izquierda;masculino
Sebastián Vega Umatino;IND;Independiente;masculino
Eduardo Alonso Riquelme Quinteros;IND;Izquierda;masculino
Luis Valencia Sandoval;IND;Independiente;masculino
Oscar Labraña Ramos;IND;Independiente;masculino
Renan Cabezas Arroyo;RN;Derecha;masculino
Andrea Cespedes Poblete;IND;Independiente;masculino
Francisco Valdes Reyes;IND;Independiente;masculino
Jorge Espinoza Cuevas;IND;Independiente;masculino
Juan Pablo Gomez Ramirez;IND;Independiente;masculino
Rossana Sanhueza Muñoz;IND;Independiente;femenino
Sandra Cecilia Lopez Salazar;IND;Independiente;femenino
Sebastián Chacon Soto;IND;Independiente;masculino
Ximena Varela Zuñiga;IND;Derecha;femenino
Zandra Sofia Maulen Jofre;IND;Izquierda;femenino
Jose Antonio Jofre Bustos;IND;Independiente;masculino
Jose Moraga Lira;IND;Derecha;masculino
Leonardo Francisco Gomez Valdes;IND;Independiente;masculino
Natalia Carrasco Pizarro;PDC;Centro;femenino
Alfonso Adrian Muñoz Aravena;PS;Izquierda;masculino
Alvaro Santana Contreras;IND;Independiente;masculino
Gloria Carrasco Nuñez;IND;Independiente;femenino
Jose Antonio Veas Berrios;IND;Independiente;masculino
Maribel Andrea Leiva Cabrera;IND;Independiente;femenino
Maximiliano Esteban Aviles Marambio;IND;Independiente;masculino
Carlos Alberto Correa Miños;IND;Independiente;masculino
Franco Scappaticcio Bordon;IND;Independiente;masculino
Gonzalo Antonio Tejos Perez;IND;Independiente;masculino
Jose Vilugron Martínez;UDI;Derecha;masculino
Luis Orellana Rocha;IND;Independiente;masculino
Valentin Enrique Vidal Hernandez;IND;Izquierda;masculino
Felipe Eduardo Muñoz Vallejos;IND;Izquierda;masculino
Guillermo Flores Contreras;IND;Independiente;masculino
Ivo Pavlovic Lazcano;UDI;Derecha;masculino
Miguel Angel Abdo Ara;IND;Independiente;masculino
Claudio Parra Hidalgo;IND;Derecha;masculino
Cristian Peña Pasten;IND;Independiente;masculino
Georgina Margarita Lavin Soto;IND;Independiente;femenino
Jorge Iraagorri Morales;IND;Independiente;masculino
Jose Miguel Pazols Melgarejo;IND;Independiente;masculino
Mauricio Gallardo Sanchez;IND;Independiente;masculino
Oscar Enrique Rivera Marin;PDG;Derecha;masculino
Patricia Saldias Carreño;IND;Centro;femenino
Rodrigo Montero Cuevas;PS;Izquierda;masculino
Claudio Carcamo Paredes;IND;Derecha;masculino
Elizabeth Campos Leal;IND;Independiente;femenino
Ingrid Calfin Cofre;IND;Independiente;femenino
Jose Colihuil Binimelis;IND;Independiente;masculino
Luis Armando Arias Lopez;PDC;Centro;masculino
Pilar Lagos Retamal;IND;Independiente;femenino
Fernando Alberto Ruhl Perez;IND;Independiente;masculino
Libby Osorio Callejas;PS;Izquierda;femenino
Luis Flores Barraza;IND;Independiente;masculino
Maria Cecilia Simunovic Ramirez;IND;Derecha;masculino
Nicolas Gallardo Martínez;IND;Independiente;masculino
Patricio Monardes Rodriguez;IND;Independiente;masculino
Raul Alfonso Medina Fernández;IND;Independiente;masculino
Javier Oyarzo Altamirano;RN;Derecha;masculino
Luis Marcelo Bohle Flores;IND;Independiente;masculino
Marcelo Ignacio Barrientos Barrientos;IND;Derecha;masculino
Miguel Cardenas Barria;PDC;Centro;masculino
Javier Arismendi Valenzuela;IND;Derecha;masculino
Nataly Schadow Muñoz;PS;Izquierda;femenino
Ramon Eugenio Espinoza Sandoval;IND;Independiente;masculino
Alejandra Torres Vasquez;UDI;Derecha;femenino
Fernando Erwin Grandon Domke;IND;Independiente;masculino
Jose Alejandro Avello Bascur;IND;Independiente;masculino
Fernando Javier Flandez Montecinos;PPD;Centro;masculino
Leonila Saez Alarcon;UDI;Derecha;femenino
Hans Gonzalez Espinoza;RN;Derecha;masculino
Luis Camilo Erices Quezada;IND;Centro;masculino
Marcos Edgardo Hernandez Rojas;IND;Izquierda;masculino
Willy Kehr Llanos;IND;Independiente;masculino
Alex Fernando Castillo Blas;REP;Derecha;masculino
Christian Sergio Mamani Flores;IND;Independiente;masculino
Gregorio Mendoza Chura;RN;Derecha;masculino
Ignacio Pablo Flores Huanca;IND;Centro;masculino
Luis Mauricio Chambilla Chura;IND;Independiente;masculino
Rolando Manzano Butron;IND;Izquierda;masculino
Russel Basilio Aquino Alcon;IND;Independiente;masculino
Veronica Luisa Mita Tancara;PDG;Derecha;femenino
Andres Romero Martínez;PDC;Centro;masculino
Rodrigo Poblete Torres;IND;Derecha;masculino
Silvana Yanixa Sagredo Barra;IND;Centro;femenino
Claudio Arellano Cortes;IND;Independiente;masculino
Fernando Andres Puentes Araneda;IND;Independiente;masculino
Gonzalo Sandoval Aliste;IND;Independiente;masculino
Iñaki Busto Berasaluce;IND;Derecha;masculino
Jorge Martínez Oyarce;IND;Izquierda;masculino
Marcelo Miñañir Matus;IND;Independiente;masculino
Bans Puinao Carimoney;EVOPOLI;Derecha;masculino
Marcos Rafael Silva Miranda;IND;Izquierda;masculino
Paula Rodriguez Valenzuela;IND;Independiente;femenino
Jose Rafael Saavedra Ibacache;IND;Izquierda;masculino
Rafael Pacheco Solis;IND;Derecha;masculino
Veronica Paz Maria Rossat Arriagada;IND;Independiente;femenino
Cristina Espinoza Ojeda;IND;Independiente;femenino
Roberto Soto Escalona;PS;Izquierda;masculino
Ariel Retamal Benavides;IND;Derecha;masculino
Carolina Muñoz Nuñez;PDC;Centro;femenino
Raul Andres Donoso Arce;IND;Independiente;masculino
Ismael Olmos Alarcon;IND;Independiente;masculino
Miguel Angel Rivera Morales;PPD;Centro;masculino
Ninoska Villegas Lamas;PSC;Derecha;femenino
Bastian Leonardo Stuardo Peña;IND;Independiente;masculino
David Francisco Muñoz Morales;IND;Independiente;masculino
Fabian Maqueira Solar;IND;Independiente;masculino
Jorge Contanzo Bravo;IND;Izquierda;masculino
Pablo Fernando Medina Cabezas;IND;Centro;masculino
Ricardo Fuentes Palma;IND;Independiente;masculino
Rigoberto Fuentes Sanhueza;IND;Independiente;masculino
Sigrid Ramirez Arias;IND;Derecha;femenino
Jose Bartolo Vinaya;UDI;Derecha;masculino
Samuel Antonio Cayo Flores;IND;Izquierda;masculino
Williams Carlos Mamani Ticuna;IND;Independiente;masculino
Alejandra De Lourdes Barraza Guerra;IND;Independiente;femenino
Daniel Desiderio Diaz Tirado;IND;Independiente;masculino
Genaro Briceño Tapia;IND;Izquierda;masculino
Juan Carlos Montoya Ocaranza;IND;Derecha;masculino
Rafael Ernesto Vega Peralta;IND;Independiente;masculino
Sara Zunilda Gutierrez Silva;PDG;Derecha;femenino
Carolina Paola Rojas Charcas;PPD;Centro;femenino
Daniel Alejandro Bustos Aguayo;IND;Centro;masculino
Johny Perez Vidal;PAVP;Izquierda;masculino
Jose Rossi Giacosa;IND;Independiente;masculino
Maximiliano Luksic Lederer;IND;Derecha;masculino
Sergio Bravo Campos;IND;Independiente;masculino
Denis Cortes Aguilera;PDC;Centro;masculino
Fabian Olivares Hidalgo;IND;Independiente;masculino
Hermosina De Mercedes Manquez Olivares;PDG;Derecha;femenino
Luis Lemus Aracena;IND;Independiente;masculino
Agustin Iglesias Muñoz;IND;Derecha;masculino
Daniela Constanza Parada Vargas;FA;Izquierda;femenino
Francisco Antonio Becerra Rivas;PAVP;Izquierda;masculino
Jennifer Andrea Perez Rivera;IND;Independiente;femenino
Margarita Garrido Acevedo;IND;Independiente;femenino
Felipe Francisco Rojas Andrade;IND;Independiente;masculino
Jorge Zavala Valenzuela;DEMOCRATAS;Derecha;masculino
Mauricio Alejandro Soria Macchiavello;IND;Izquierda;masculino
Ximena Naranjo Pinto;IND;Derecha;femenino
Carlos Francisco Adasme Godoy;IND;Izquierda;masculino
Juan Pablo Olave Cambara;IND;Derecha;masculino
Camilo Alejandro Rapu Riroroko;IND;Centro;masculino
Elizabeth Joana Arevalo Pakarati;IND;Independiente;masculino
Juliette Hotus Paoa;IND;Izquierda;femenino
Mai Teao Osorio;RN;Derecha;masculino
Leopoldo Gonzalez Charpentier;RN;Derecha;masculino
Pablo Andres Manriquez Angulo;IND;Izquierda;masculino
Francisco Muñoz Manque;IND;Independiente;masculino
Joel Andres Olmos Espinoza;AH;Izquierda;masculino
Marjorie Vasquez Acuña;RN;Derecha;femenino
Patricio Ossandón Ortiz;IND;Independiente;masculino
Santiago Rebolledo Pizarro;IND;Independiente;masculino
Filomena Aida Navia Hevia;PS;Izquierda;femenino
Maite Larrondo Laborde;UDI;Derecha;femenino
Paolo Sanhueza Beretta;IND;Independiente;masculino
Rolando Gonzalo Arcos Arredondo;IND;Centro;masculino
Cecilia Acuña Caceres;IND;Derecha;femenino
Gaston Fernández Mori;IND;Independiente;masculino
Valentin Geronimo Vidal Rubio;IND;Izquierda;masculino
Carol Ester Espinaza Aschieri;PSC;Derecha;masculino
Daniel Reyes Morales;IND;Derecha;masculino
Juan Carlos Zurita Medina;PH;Izquierda;masculino
Nicolas Alejandro Hurtado Acuña;PCCH;Izquierda;masculino
Paola Romero Llanos;IND;Independiente;femenino
Claudio Eugenio Arriagada Macaya;IND;Independiente;masculino
Edita Alarcon Saavedra;PDC;Centro;femenino
Freddy Brito Uribe;IND;Independiente;masculino
German Pino Maturana;IND;Independiente;masculino
Marcelo Ortiz Aravena;IND;Independiente;masculino
Silvana Poblete Romero;IND;Independiente;femenino
Carlos Flores Gonzalez;IND;Independiente;masculino
Dinka Herrera Saavedra;UDI;Derecha;femenino
Rosita Guzman Sasmaya;IND;Independiente;femenino
Uberlinda Aquea Barraza;PS;Izquierda;femenino
Andres Soza Reinoso;UDI;Derecha;masculino
Armando Antonio Castillo Riquelme;IND;Independiente;masculino
Armando Aquiles Torrealba Abarca;IND;Independiente;masculino
Felipe Herrera Roco;IND;Independiente;masculino
Lorena Cecilia Donaire Cataldo;FA;Izquierda;femenino
Paola Janet Lazo Chacana;IND;Independiente;femenino
Patricio Pallares Valenzuela;IND;Independiente;masculino
Severina De Gracia De Sanchez;IND;Independiente;femenino
Claudia Pizarro Peña;PDC;Centro;femenino
David Eduardo Zambrano Salazar;PDG;Derecha;masculino
Guillermo Antonio Benavides Aguirre;IND;Independiente;masculino
Héctor Garrido Astudillo;IND;Independiente;masculino
Pablo Maltes Biskupovic;IND;Independiente;masculino
Jose Manuel Palacios Parra;UDI;Derecha;masculino
Marilen Cabrera Olmos;AH;Izquierda;femenino
Valentina Lowick-Russell Vargas;PAVP;Izquierda;femenino
Ana Maria Iturralde Peña;IND;Independiente;femenino
Andrea Guzman Herrera;IND;Independiente;masculino
Daniela Norambuena Borgheresi;RN;Derecha;femenino
Elizabeth Fredes Rosales;IND;Independiente;masculino
Ernesto Velasco Rodriguez;PR;Izquierda;masculino
Felix Alonso Velasco Ladron De Guevara;IND;Independiente;masculino
Juan Carlos Thenoux Ciudad;PDG;Derecha;masculino
Marcelo Telias Ortiz;IND;Independiente;masculino
Mariela Parada Enero;IND;Independiente;masculino
Pablo Yañez Pizarro;IND;Independiente;masculino
Pamela Salome Caimanque Espejo;IND;Independiente;femenino
Aldo Pinuer Solis;IND;Independiente;masculino
Camilo Gomez Gomez;IND;Independiente;masculino
Eliana Elena Azocar Silva;RN;Derecha;femenino
Herty Baez Hernandez;IND;Independiente;masculino
Juan Andres Reinoso Carrillo;PS;Izquierda;masculino
Maria Sonia Aguilef Gallegos;PDG;Derecha;femenino
Matías Velasquez Flores;IND;Independiente;masculino
Saturnino Casimiro Quezada Solis;IND;Independiente;masculino
Catherine Danitza Escarate Fuentes;PCCH;Izquierda;femenino
Miguel Angel Meza Shwenke;RN;Derecha;masculino
Claudia Andrea Valdes Vasquez;IND;Izquierda;femenino
Doly Cadagan Mardones;IND;Derecha;masculino
Marco Adiel San Martín San Martín;DEMOCRATAS;Derecha;masculino
Raul Rogelio Becerra Escobar;IND;Independiente;masculino
Carlos Fajardo Cauñan;IND;Independiente;masculino
Fernando Ojeda Gonzalez;PS;Izquierda;masculino
Jaime Arteaga Vera;IND;Derecha;masculino
Israel Araneda Arriagada;IND;Independiente;masculino
Maria Isabel Araneda Aburto;IND;Izquierda;femenino
Mayerly Beltran Montoya;IND;Independiente;femenino
Rene Miguel Vidal Llanos;REP;Derecha;masculino
Roberto Quintana Inostroza;IND;Independiente;masculino
Vladimir Fica Toledo;RN;Derecha;masculino
Alejandra Solange Navarrete Carrasco;IND;Centro;femenino
Carlos Escobar Paredes;IND;Independiente;masculino
Cristian Talamilla Lopez;IND;Independiente;masculino
Eva Alarcon Alanis;IND;Independiente;masculino
Fabiola Zapata Panes;IND;Independiente;femenino
Gonzalo Alberto Rebolledo Rodriguez;IND;Independiente;masculino
Jonathan Opazo Carrasco;IND;Izquierda;masculino
Mario Olavarria Rodriguez;IND;Derecha;masculino
Eduardo Uribe Campos;RN;Derecha;masculino
Juan Rocha Aguilera;PS;Izquierda;masculino
Marcela Olivera Montero;IND;Independiente;femenino
Alejandra Baeza Pereira;IND;Independiente;femenino
Carlos Romero Martínez;UDI;Derecha;masculino
Gonzalo Rubio Fuenzalida;IND;Independiente;masculino
Guido Perez Maldonado;IND;Independiente;masculino
Jaime Fabia Reyes;IND;Independiente;masculino
Juan Pablo Flores Astorga;PS;Izquierda;masculino
Rigoberto Leiva Parra;IND;Independiente;masculino
Angel Rodrigo Rozas Diaz;PDG;Derecha;masculino
Catalina San Martín Cavada;IND;Derecha;femenino
Constanza Gabriela Schonhaut Soto;FA;Izquierda;femenino
Igor Contreras Jeria;PAVP;Izquierda;masculino
Marcela Andrea Cubillos Hevia;IND;Independiente;femenino
Marcela Cubillos Sigall;IND;Derecha;femenino
Carolina Andrea Flores Pumeyrau;IND;Centro;femenino
Claudia Navarrete Arias;IND;Independiente;femenino
Gaston Muñoz Riego;PS;Izquierda;masculino
Luciano Roberto Monsalve Pasmiño;PDG;Derecha;masculino
Ricardo Jaramillo Galindo;RN;Derecha;masculino
Susana Fuentes Morales;IND;Independiente;femenino
Edgardo Cerda Monsalve;IND;Independiente;masculino
Francisco Javier Yevenes Nuñez;PCCH;Izquierda;masculino
Marcela Tiznado Fernández;IND;Derecha;femenino
Alvaro Christian Donoso Pavez;IND;Independiente;masculino
Ariel Espinoza Cerpa;RN;Derecha;masculino
Claudio Alejandro Reyes Fuenzalida;IND;Independiente;masculino
Valerie Coffin Fuenzalida;PR;Izquierda;masculino
Amal Del Carmen Salem Solis;IND;Independiente;femenino
Joel Andres Gonzalez Vega;IND;Independiente;masculino
Luciano Valenzuela Romero;IND;Derecha;masculino
Oriana Perez Puebla;IND;Independiente;femenino
Sebastián Enrique Balbontin Bustamante;FA;Izquierda;masculino
Yerko Fabian Chamorro Sigdman;IND;Independiente;masculino
Felipe Segundo Gonzalez Lopez;IND;Independiente;masculino
Mario Meza Vasquez;RN;Derecha;masculino
Michael Eric Cesar Concha Salvo;PS;Izquierda;masculino
Myriam Alarcon Castillo;IND;Independiente;femenino
Rolando Renteria Moller;IND;Independiente;masculino
Aracelli Figueroa Nahuelcura;IND;Independiente;femenino
Bernardo Cornejo Ceron;IND;Izquierda;masculino
Patricio Gerardo Fernández Tapia;IND;Independiente;masculino
Rodrigo Palominos Vidal;IND;Derecha;masculino
Williams Fernando Donoso Lisboa;IND;Independiente;masculino
Antonio Caileo Nauto;PSC;Derecha;masculino
Evelyn Brintrup Flores;UDI;Derecha;masculino
Francisco Javier Vasquez Almonacid;IND;Centro;masculino
Luis Ernesto Orostica Salinas;IND;Independiente;masculino
Victor Ruben Angulo Muñoz;PDC;Centro;masculino
Daniel Zamora Hinostroza;IND;Independiente;masculino
Edgardo Gonzalez Arancibia;PDC;Centro;masculino
Mario Marchant Silva;IND;Derecha;masculino
Andrea Araya Salazar;IND;Izquierda;femenino
Carlos Matías Gallardo Bello;IND;Independiente;masculino
Felipe Alessandri Vergara;RN;Derecha;masculino
Loreto Letelier Barrera;IND;Independiente;masculino
Pedro Enrique Lea-Plaza Edwards;REP;Derecha;masculino
Ingrid Rodriguez Rodriguez;IND;Derecha;femenino
Javiera Paz Reyes Jara;PCCH;Izquierda;femenino
Jose Silva Diaz;IND;Independiente;masculino
Miguel Bruna Silva;IND;Independiente;masculino
Ricardo Andres Zambrano Arias;IND;Independiente;masculino
Cesar Sanhueza Cea;IND;Independiente;masculino
Jessica Hormazabal Espinoza;IND;Independiente;femenino
Jimmy Arce Leiva;IND;Independiente;masculino
Maximiliano Ríos Galleguillos;PPD;Centro;masculino
Corina Diaz Arancibia;IND;Independiente;femenino
Jose Roman Chavez;IND;Independiente;masculino
Tito Correa Verdugo;RN;Derecha;masculino
Alexis Arturo Pineda Ruiz;IND;Izquierda;masculino
Eduardo Andres Bastias Sandoval;IND;Independiente;masculino
Ricardo Peña Riquelme;RN;Derecha;masculino
Cristian Menchaca Pinochet;IND;Derecha;masculino
Danilo Del Carmen Barra Mendez;IND;Independiente;masculino
Esteban Mendez Gutierrez;IND;Independiente;masculino
Jacqueline Alvarez Gonzalez;IND;Independiente;femenino
Jaime Antonio Briones Jorquera;IND;Izquierda;masculino
Eduardo Yañez Rivas;IND;Derecha;masculino
Nibaldo Alegria Alegria;IND;Izquierda;masculino
Sergio Hugo Aedo Henriquez;IND;Independiente;masculino
Lautaro Melita Vinett;IND;Izquierda;masculino
Pablo Cea Aguilera;IND;Independiente;masculino
Pablo Pavez Aravena;IND;Independiente;masculino
Pablo Vegas Verdugo;IND;Derecha;masculino
Pedro Pablo Valenzuela Castro;IND;Independiente;masculino
Benigno Alejandro Retamal Rodriguez;FREVS;Izquierda;masculino
Bonnie Jhoan Romildo Silva Villarroel;PDG;Derecha;femenino
Juan Herrera Delgado;IND;Independiente;masculino
Manuel Rivera Martínez;UDI;Derecha;masculino
Nicolas Antonio Pirazzoli Borras;IND;Independiente;masculino
Carlos Alberto Peña Opazo;PDG;Derecha;masculino
Iván Norambuena Farias;UDI;Derecha;masculino
Jose Perez Arriagada;PR;Izquierda;masculino
Nivia Del Carmen Riquelme Gutierrez;IGUALDAD;Izquierda;masculino
Patricio Badilla Cofre;IND;Independiente;masculino
Teresa De Jesus Stark Ortega;IND;Independiente;masculino
Aldo Emilio Retamal Arriagada;PCCH;Izquierda;masculino
Javier Ignacio Santibañez Baez;IND;Independiente;masculino
Victor Fritz Aguayo;IND;Derecha;masculino
Emilio Gonzalez Burgos;UDI;Derecha;masculino
Luis Blanco Arevalo;IND;Izquierda;masculino
Marcelo Esedin Cardenas Gonzalez;IND;Independiente;masculino
Sandy Olivia Barrientos Avendaño;PSC;Derecha;femenino
Benjamin Eduardo Garces Guzman;PDC;Centro;masculino
Gaston Mella Candia;IND;Derecha;masculino
Victor Hugo Gonzalez Rodriguez;IND;Independiente;masculino
Alvaro Sanhueza Maripangue;IND;Independiente;masculino
Christian Frank Gross Hidalgo;PS;Izquierda;masculino
Héctor Patricio San Martín Rojas;IND;Independiente;masculino
Hugo Valdebenito Huerta;IND;Independiente;masculino
Isolda Mercedes Diaz Martínez;IND;Independiente;femenino
Jaime Herrera Flores;RN;Derecha;masculino
Jaime Vasquez Castillo;IND;Derecha;masculino
Juan Inostroza Quiñones;IND;Independiente;masculino
Mauricio Torres Ferrada;PS;Izquierda;masculino
Nestor Vigueras Toloza;IND;Independiente;masculino
Patricio Marchant Ulloa;IND;Centro;masculino
Paulina Veloso Muñoz;IND;Independiente;femenino
Manuel Painiqueo Tragnolao;IND;Independiente;masculino
Richard Leonelli Contreras;IND;Derecha;masculino
Jose Miguel Urrutia Celis;IND;Derecha;masculino
Juan Carlos Abud Parra;IND;Independiente;masculino
Camila Lorena Donato Pizarro;PCCH;Izquierda;femenino
Eduardo Rene Espinoza Gaete;REP;Derecha;masculino
Franco Frias Gutierrez;IND;Independiente;masculino
Gonzalo Montoya Riquelme;IND;Independiente;masculino
Andres Lara Martínez;IND;Independiente;masculino
Eduardo Acuña Acuña;PS;Izquierda;masculino
Guillermo Soto Ortega;IND;Independiente;masculino
Leonardo Muñoz Vallejos;IND;Independiente;masculino
Sandra Ines Bastias Bilbao;RN;Derecha;femenino
Christian Vittori Muñoz;IND;Independiente;masculino
Enrique Alejandro Bassaletti Riess;IND;Derecha;masculino
Marco Antonio Soto Bobadilla;IND;Independiente;masculino
Maximo Quitral Rojas;IND;Independiente;masculino
Tomas Vodanovic Escudero;FA;Izquierda;masculino
Yenifer Belen Cerpa Castro;PDG;Derecha;femenino
Juan Manuel Magaña Rubio;IND;Derecha;masculino
Luis Manuel Barra Villanueva;IND;Izquierda;masculino
Ricardo Gonzalez Torres;IND;Independiente;masculino
Carlos Ceron Moreno;IND;Independiente;masculino
Cristian Salinas Herrera;IND;Izquierda;masculino
Sebastián Flores Labarca;IND;Derecha;masculino
Omar Norambuena Rivera;IND;Derecha;masculino
Viviana Cuello Rivera;IND;Independiente;femenino
Jessica Mualim Fajuri;RN;Derecha;masculino
Maria Carolina Jimenez Alvarez;IND;Izquierda;femenino
Guillermo Rolando Mitre Gatica;IND;Derecha;masculino
Pamela Dornemann Rojas;IND;Izquierda;femenino
Hernando Duran Palma;IND;Derecha;masculino
Juan Eduardo Guzman Ramirez;IND;Derecha;masculino
Juan Jesus Herrera Fuentes;IND;Independiente;masculino
Pablo Luna Amigo;PDC;Centro;masculino
Scarlett Carrasco Quiroz;PSC;Derecha;masculino
Hardy Dimter Gallardo;IND;Independiente;masculino
Jorge Westermeier Estrada;PDC;Centro;masculino
Nabih Soza Cardenas;IND;Derecha;masculino
Grecia Biaggini Sanchez;RN;Derecha;femenino
Luis Contreras Perez;IND;Independiente;masculino
Marcelino Segundo Carvajal Ferreira;PPD;Centro;masculino
Alejandro Cuminao Barros;IND;Izquierda;masculino
Eduardo Navarrete Fuentes;IND;Independiente;masculino
Mauricio Salazar Cifuentes;IND;Independiente;masculino
Patricio Guillermo Barros Saez;REP;Derecha;masculino
Daniel Dominguez Gonzalez;IND;Independiente;masculino
Eduardo Antonio Contreras Perez;PDG;Derecha;masculino
Juan Agustin Pinto Martínez;IND;Independiente;masculino
Lalo Catalan Herrada;IND;Centro;masculino
Lorena Catalina Olavarria Baeza;FA;Izquierda;femenino
Paula Garate Rojas;UDI;Derecha;femenino
Sergio Millalen Himilaf;PAVP;Izquierda;masculino
Felipe Mendez Guzman;IND;Independiente;masculino
Gabriel Silva Gonzalez;IND;Independiente;masculino
Giovanna Paredes Castillo;IND;Derecha;femenino
Gonzalo Eduardo Urzua Arriagada;IND;Independiente;masculino
Marcelo Alejandro Lobos Vergara;IND;Independiente;masculino
Sebastián David Vergara Hernandez;FA;Izquierda;masculino
Camilo Ossandón Espinoza;IND;Independiente;masculino
Cristian Herrera Peña;IND;Izquierda;masculino
Nicolas Araya Astudillo;UDI;Derecha;masculino
Pia Galleguillos Ogalde;IND;Independiente;femenino
Laura Correa Fuentes;IND;Independiente;masculino
Santiago Aquiles Garate Espinoza;IND;Izquierda;masculino
Sergio Medel Acosta;UDI;Derecha;masculino
Veronica Arroyo Arancibia;IND;Independiente;femenino
Jaime Ramirez Bustos;IND;Independiente;masculino
Jose Miguel Muñoz Saez;REP;Derecha;masculino
Juan Emilio Rivera Cea;IND;Independiente;masculino
Juan Francisco Vilches Riquelme;RN;Derecha;masculino
Luz Gonzalez Contreras;DEMOCRATAS;Derecha;femenino
Nataly Neira Montoya;PDC;Centro;femenino
Rodolfo Alexi Betancurt Melo;PDG;Derecha;masculino
Carlos Toloza Soto;UDI;Derecha;masculino
David Hernan Salinas Roca;IND;Izquierda;masculino
Anibal Valenzuela Cariz;IND;Independiente;masculino
Fernando Guerrero Salinas;IND;Independiente;masculino
Luis Eduardo Escanilla Gaete;PS;Izquierda;masculino
Marcelo Horta Horta;IND;Independiente;masculino
Marina Rencoret Fuenzalida;IND;Independiente;femenino
Mario Bustamante Salinas;IND;Independiente;masculino
Rodrigo Sepulveda Tagle;IND;Derecha;masculino
Ana Ester Mayorga Bahamonde;IND;Independiente;femenino
Liber Marel Lazo Navarro;REP;Derecha;masculino
Marcelo Rodrigo Contreras Soto;PDC;Centro;masculino
Veronica Beatriz Perez Magdalena;IND;Independiente;femenino
Juan Esteban Gonzalez Roman;IND;Independiente;masculino
Lautaro Farias Ortega;IND;Derecha;masculino
Pamela Morales Roldan;IND;Independiente;femenino
Prissila Nataly Farias Morales;IND;Independiente;femenino
Yanko Blumen Antivilo;IND;Izquierda;femenino
Alfredo Alejandro Peña Peña;PR;Izquierda;masculino
Placido Vidal Barnachea;IND;Independiente;masculino
Luis Molina Melo;IND;Izquierda;masculino
Oscar Llanos Silva;EVOPOLI;Derecha;masculino
Bernardo Brito Videla;IND;Derecha;masculino
Carlos Enrique Diaz Lillo;IND;Independiente;masculino
Edwin Griffiths Guerra;IND;Independiente;masculino
Jonathan Moises Vasquez Leon;PCCH;Izquierda;masculino
Leslie Pacheco Ramirez;IND;Derecha;masculino
Margarita De Las Mercedes Osorio Pizarro;IND;Independiente;femenino
Ricardo Aliaga Cruz;IND;Independiente;masculino
Cesar Sepulveda Huerta;PDC;Centro;masculino
Hernan Gonzalo Coñoman Lepiman;PDG;Derecha;masculino
Manuel Adolfo Salas Trautmann;IND;Independiente;masculino
Oscar Chefo Vergara Tapia;IND;Independiente;masculino
Bruno Del Carmen Mansilla Perez;IND;Independiente;masculino
Claudio Fica Gomez;PDC;Centro;masculino
Gustavo Diego Marquez Cadagan;IND;Independiente;masculino
Lorena Andrea Molina Mansilla;IND;Independiente;femenino
Roberto Recabal Carcamo;IND;Derecha;masculino
Carla Paz Guajardo Pozo;IND;Izquierda;femenino
Maria Estrella Montero Carrasco;IND;Derecha;femenino
Sergio Alejandro Aravena Flores;IND;Independiente;masculino
Humberto Flores Gonzalez;IND;Independiente;masculino
Jhean Camilo Ramirez Dominguez;IND;Independiente;masculino
Marcos Gaete Flores;IND;Derecha;masculino
Marisol Lugo Nina;IND;Independiente;femenino
Patricia Castillo Salva;IND;Independiente;femenino
Cristian Yañez Vergara;IND;Independiente;masculino
Jorge Elias Jil Herrera;IND;Independiente;masculino
Noemi Susana Caceres Rojas;IND;Independiente;femenino
Vicente Caselli Ramos;REP;Derecha;masculino
William Roberto Rodriguez Guzman;IND;Izquierda;masculino
Alvaro Andres Gomez Gonzalez;IND;Independiente;masculino
Emeterio Carrillo Torres;PDC;Centro;masculino
Jaime Alberto Bertin Valenzuela;IND;Independiente;masculino
Jaime Paredes Paredes;PSC;Derecha;masculino
Javier Hernandez Hernandez;UDI;Derecha;masculino
Maurice Goudie Dominguez;IND;Independiente;masculino
Carlos Antonio Araya Bugueño;DEMOCRATAS;Derecha;masculino
Francisco Morgado Salfate;IND;Independiente;masculino
Gerald Luis Castillo Castillo;IND;Independiente;masculino
Héctor Vega Campusano;IND;Independiente;masculino
Jonathan Acuña Rojas;PDC;Centro;masculino
Maria Godoy Milla;IND;Independiente;femenino
Ricardo Gonzalez Gonzalez;IND;Independiente;masculino
Felipe Muñoz Heredia;PS;Izquierda;masculino
Jose Miguel Arellano Merino;RN;Derecha;masculino
Patricio Muñoz Vegas;IND;Independiente;masculino
Evelyn Virginia Mora Gallegos;IND;Derecha;femenino
Jose Bravo Burgos;IND;Independiente;masculino
Luis Antonio Levi Aninao;IND;Independiente;masculino
Marcela Esparza Saavedra;EVOPOLI;Derecha;femenino
Mario Hernan Gonzalez Rebolledo;IND;Independiente;masculino
Hernan Ahumada Ahumada;RN;Derecha;masculino
Julio Alberto Rodriguez Alvarez;IND;Independiente;masculino
Patricia Ardiles Ordenes;IND;Independiente;femenino
Rosa Luz Pinto Rojas;FREVS;Izquierda;masculino
Cristian Navarrete Quezada;IND;Izquierda;masculino
Miguel Angel Carrasco Garcia;IND;Independiente;masculino
Rodrigo Cortes Oyarzun;EVOPOLI;Derecha;masculino
Gustavo Enrique Gonzalez Araya;IND;Independiente;masculino
Mario Antonio Arros Muñoz;FREVS;Izquierda;masculino
Ramon Sandoval Zurita;IND;Independiente;masculino
Rodrigo Contreras Gutierrez;UDI;Derecha;masculino
Julio Delgado Retamal;RN;Derecha;masculino
Willy Octavio Rosas Delgado;IND;Independiente;masculino
Carlos Carrero Perez;IND;Independiente;masculino
Hugo Vargas Cordova;PDC;Centro;masculino
Maria Isabel Moraga Cordova;IND;Centro;femenino
David Ruiz Cifuentes;IND;Derecha;masculino
Elias Sabat Acleh;IND;Independiente;masculino
Pablo Sandoval Jara;IND;Independiente;masculino
Pedro Burgos Vasquez;IND;Independiente;masculino
Rodrigo Valdivia Orias;PS;Izquierda;masculino
Gonzalo Vergara Lizana;IND;Izquierda;masculino
Luis Reinaldo Pradenas Moran;IND;Independiente;masculino
Claudia Adasme Donoso;RN;Derecha;femenino
Jaime Ahumada Robles;PDC;Centro;masculino
Margarita Jesus Sandoval Carrasco;IND;Independiente;femenino
Rosa De Lourdes Prieto Valdes;IND;Independiente;femenino
Ariel Hernan Valenzuela Fuenzalida;IND;Independiente;masculino
Emiliano Guerrero Torres;IND;Independiente;masculino
Gabriela Leiva Lopez;IND;Izquierda;femenino
Hernaldo Andres Ahumada Chavez;IND;Independiente;masculino
Johny Cornejo Ordenes;IND;Independiente;masculino
Margarita Catalan Parada;IND;Independiente;femenino
Moises Carvacho Vargas;RN;Derecha;masculino
Fabian Abasolo Narvaez;IND;Independiente;masculino
Patricio Alejandro Ojeda Alarcon;IND;Derecha;masculino
Rodrigo Esteban Castro Sepulveda;IND;Izquierda;masculino
Constanza Rozas Salgado;IND;Independiente;femenino
Humberto Garcia Diaz;RN;Derecha;masculino
Juan Rozas Romero;IND;Independiente;masculino
Luis Alberto Astudillo Peiretti;IND;Izquierda;masculino
Alfredo De Jesus Perez Leiva;IND;Independiente;masculino
Boris Cabrera Lazo;IND;Independiente;masculino
Johan Guerra Aguero;IND;Derecha;masculino
Roberto German Silva Adi;PPD;Centro;masculino
Shirley Paola Vasconcellos Poblete;IND;Independiente;femenino
Fabian Meza Hernandez;IND;Derecha;masculino
Maria Luz Reyes Orellana;IND;Izquierda;femenino
Gonzalo Sandoval Gallardo;PDC;Centro;masculino
Ismael Ulises Palma Guiñez;IND;Independiente;masculino
Johnnson Guiñez Nuñez;IND;Derecha;masculino
Jose Miguel Tobar Aravena;IND;Izquierda;masculino
Marcelo Alejandro Viedma Villaman;IND;Independiente;masculino
Osvaldo Herrera Valdes;IND;Derecha;masculino
Ruben Osvaldo Faundez Gomez;IND;Independiente;masculino
Freddy Neira Paredes;PDC;Centro;masculino
Luis Guerrero Soto;IND;Independiente;masculino
Rodrigo Vera Riquelme;IND;Independiente;masculino
Claudio Abraham Cumsille Chomali;PS;Izquierda;masculino
Fabian Guajardo Leon;IND;Independiente;masculino
Gerardo Jose Carlos Cornejo Perez;IND;Centro;masculino
Jose Rivera Saldaña;UDI;Derecha;masculino
Roberto Michelini Pandolfi;IND;Independiente;masculino
Alejandro Sepulveda Tapia;PPD;Centro;masculino
Luis Alberto Muñoz Perez;IND;Independiente;masculino
Miguel Lara Valdebenito;IND;Independiente;masculino
Gustavo Fernando Valdenegro Rubillo;IND;Independiente;masculino
Gustavo Henriquez Toledo;IND;Derecha;masculino
Ignacio Gamalier Villalobos Henriquez;IND;Izquierda;masculino
Carlos Ariel Aliaga Donoso;IND;Independiente;masculino
Fermin Alejandro Carreño Carreño;IND;Izquierda;masculino
Claudia Aranguiz Vielma;IND;Independiente;femenino
Diego San Martín Velasco;IND;Independiente;masculino
Emma Patricia Morales Arzola;IND;Independiente;femenino
Manuel Segundo Fuentes Rosales;IND;Independiente;masculino
Nibaldo Meza Garfia;PDC;Centro;masculino
Rodrigo Cornejo Inostroza;UDI;Derecha;masculino
Carlos Alarcon Castro;IND;Independiente;masculino
Claudia Mora Vega;RN;Derecha;femenino
Eduardo Giesen Amtmann;IND;Independiente;masculino
Miguel Andres Concha Manso;FA;Izquierda;masculino
Iván Infante Chacon;IND;Derecha;masculino
Juan Carlos Godoy Apala;IND;Izquierda;masculino
Adolfo Ceron Gonzalez;IND;Independiente;masculino
Alexis Sanchez Contreras;IND;Independiente;masculino
Marcelo Alberto Espinoza Ovalle;IND;Centro;masculino
Marcos Fuentes Ulloa;PDC;Centro;masculino
Pedro Pablo Solis Urrutia;IND;Independiente;masculino
Cristian Andres Pozo Parraguez;PS;Izquierda;masculino
Jorge Luis Urzua Garcia;IND;Independiente;masculino
Roberto Cordova Carreño;IND;Independiente;masculino
Tobias Acuña Csillag;IND;Derecha;masculino
Gustavo Rodriguez Palma;IND;Independiente;masculino
Jairo Del Pino Lema;IND;Derecha;masculino
Marcelo Ojeda Carcamo;UDI;Derecha;masculino
Cristian Balmaceda Undurraga;IND;Derecha;masculino
Jaime Escudero Ramos;IND;Izquierda;masculino
Felipe Andres Barril Riquelme;IND;Independiente;masculino
Jacqueline Romero Inzunza;RN;Derecha;femenino
Jorge Jaramillo Hott;IND;Independiente;masculino
Martín Salazar Carvajal;PDC;Centro;masculino
Armando Rebolledo Becerra;IND;Independiente;masculino
Carola Gonzalez Inostroza;IND;Derecha;femenino
Christian Jose Contreras Orellana;IND;Independiente;masculino
Marcelo Gonzalez Farias;PDC;Centro;masculino
Nicole Alejandra Galaz Cabello;IND;Independiente;femenino
Paula Silva Santibañez;IND;Independiente;femenino
Rosa Torres Escobedo;IND;Independiente;femenino
Adan Zapata Figueroa;RN;Derecha;masculino
Juan Carlos Ramirez Sepulveda;IND;Independiente;masculino
Modesto Segundo Sepulveda Andrade;IND;Independiente;masculino
Rafael Eduardo Troncoso Rozas;IND;Independiente;masculino
Rodrigo Andres Castro Galaz;AMARILLOS;Centro;masculino
Carlos Gustavo Soto Miranda;RN;Derecha;masculino
Cristian Juvenal Andrade Gallardo;IND;Independiente;masculino
Jose Gabriel Parada Aguilar;IND;Izquierda;masculino
Carlos Francisco Smith Pascal;IND;Independiente;masculino
Giovana Poveda Pempelfort;RN;Derecha;femenino
Jose Fernando Muñoz Caceres;IND;Independiente;masculino
Juan Pablo Cortes Rojas;IND;Independiente;masculino
Richard Godoy Aguirre;PDC;Centro;masculino
Carlos Hurtado Oyarzun;IND;Independiente;masculino
Eduardo Hernandez Astudillo;IND;Izquierda;masculino
Karina Fernández Marin;IND;Derecha;femenino
Cristian Franco Alday Saavedra;PAVP;Izquierda;masculino
Daniela Aros Torres;PSC;Derecha;femenino
Drazen Andre Markusovic Caceres;PDG;Derecha;masculino
Jaime Bellolio Avaria;UDI;Derecha;masculino
Macarena Fernández Donoso;FA;Izquierda;femenino
Erika Jeanette Galarce Melendez;PPD;Centro;femenino
Juan Carlos Gonzalez Romo;IND;Independiente;masculino
Marcos Morales Ureta;IND;Derecha;masculino
Alvaro Aguila Riquelme;IND;Independiente;masculino
Edita Esther Mansilla Barria;IND;Izquierda;femenino
Joel Aldo Canio Canio;IND;Independiente;masculino
Juan Carlos Perez Nuñez;IND;Independiente;masculino
Luis Alberto Burgos Norambuena;IND;Independiente;masculino
Mario Peñafiel Espinoza;IND;Independiente;masculino
Nancy Milena Alfaro Jurjevic;IND;Independiente;femenino
Sebastián Alvarez Ramirez;EVOPOLI;Derecha;masculino
Cristian Ripoll Riquelme;IND;Independiente;masculino
Gabriel Moises Silber Romo;IND;Independiente;masculino
Italo Andres Bravo Lizana;IND;Izquierda;masculino
Patricio Cisternas Monreal;DEMOCRATAS;Derecha;masculino
Elein Ossandón Manrique;PSC;Derecha;masculino
Karla Rubilar Barahona;IND;Derecha;masculino
Luis Escanilla Benavides;PS;Izquierda;masculino
Matías Jair Toledo Herrera;IND;Izquierda;masculino
Andrea Quintana Diaz;IND;Independiente;masculino
Arturo Sanchez Gatica;IND;Independiente;masculino
Cozut Vasquez Gonzalez;IND;Independiente;masculino
Gisella Shantel Andrade Muñoz;IND;Independiente;femenino
Nelson Toro Aguirre;IND;Independiente;masculino
Rabindranath Quinteros Lara;PS;Izquierda;femenino
Rodrigo Wainraihgt Galilea;RN;Derecha;masculino
Gerardo Augusto Gunckel Arriagada;IND;Izquierda;masculino
Juan Luis Añazco Barrientos;PDG;Derecha;masculino
Maria Elena Ojeda Betancourt;UDI;Derecha;femenino
James Fry Carey;IND;Derecha;masculino
Ramon Bahamonde Cea;IND;Independiente;masculino
Tamara Avendaño Levinao;PSC;Derecha;femenino
Tomas Andres Garate Silva;IND;Independiente;masculino
Christopher Vial Mansilla;IND;Independiente;masculino
Gonzalo Baraona Bezanilla;IND;Derecha;masculino
Marina Eugenia Guzman Araneda;IND;Izquierda;femenino
Adolfo Javier Oyarce Tapia;IND;Independiente;masculino
Alberto Gallardo Flores;IND;Independiente;masculino
Camila Andrea Rojas Honores;FA;Izquierda;femenino
Carlos Marcelo Prado Dubo;IND;Independiente;masculino
Carlos Nestor Faggani Carmona;PDG;Derecha;masculino
Jonathan Diaz Figueroa;IND;Independiente;masculino
Mario Ortiz Cabezas;EVOPOLI;Derecha;masculino
Pedro Alejandro Valdivia Ramirez;IND;Independiente;masculino
Pedro Humberto Araya Zepeda;IND;Independiente;masculino
Rodolfo Campusano Donozo;IND;Independiente;masculino
Claudio Radonich Jimenez;RN;Derecha;masculino
Javiera Calvo Rifo;PSC;Derecha;femenino
Veronica Noelia Aguilar Martínez;IND;Izquierda;femenino
Alejandro Ariel Cardenas Quezada;IND;Derecha;masculino
Alex Aguero Alvarado;RN;Derecha;masculino
Belfor Teodocio Montiel Vera;IND;Independiente;masculino
Bernardino Roberto Arellano Inostroza;IND;Independiente;masculino
Elson Nolberto Carcamo Barria;PPD;Centro;masculino
Gabriela Mercedes Vera Martínez;IND;Independiente;femenino
Marco Antonio Uribe Barria;IND;Independiente;masculino
Felipe Sandoval Medina;PPD;Centro;masculino
Frann Barbieri Fernández;EVOPOLI;Derecha;femenino
Ida Fuentes Valenzuela;IND;Independiente;femenino
Pedro Héctor Orellana Molina;IND;Independiente;masculino
Alicia Del Carmen Villar Vargas;IND;Derecha;femenino
Cesar Crot Vargas;PDC;Centro;masculino
Erwin David Perez Monje;IND;Independiente;masculino
Isidoro Rodolfo Barquin Pardo;IND;Independiente;masculino
Mauricio Antonio Quiroz Chamorro;IND;Izquierda;masculino
Miguel Ignacio Ortiz Henriquez;RN;Derecha;masculino
Patricio Ernesto Gonzalez Nuñez;IND;Independiente;masculino
Angelo Alejandro Carrasco Arias;PPD;Centro;masculino
Fabian Alberto Hilaja Humire;IND;Centro;masculino
Javier Tito Huaylla;IND;Derecha;masculino
Jose Antonio Sarco Jimenez;PH;Izquierda;masculino
Daniela Natalie Molina Sandoval;IND;Independiente;femenino
Gaston Bernabe Delgado Alvarez;PPD;Centro;masculino
Iván Eduardo Reyes Santana;IND;Independiente;masculino
Jimena Nuñez Morales;UDI;Derecha;femenino
Marcos Vargas Oyarzun;PDC;Centro;masculino
Miguel Opitz Gonzalez;IND;Independiente;masculino
Romelio Borquez Hidalgo;IND;Derecha;masculino
Carlos Chiguay Carcamo;PDC;Centro;masculino
Claudio Esteban Vera Mansilla;IND;Independiente;masculino
Claudio Jorge Barudy Labrin;IND;Independiente;masculino
Jose Antonio Low Poblete;IND;Independiente;masculino
Luis Marcelo Zamorano Diaz;IND;Independiente;masculino
Patricio Altamirano Barrias;IND;Derecha;masculino
Paula Andrea Millacura Torres;IND;Independiente;femenino
Pedro Andres Barria Oyarzo;IND;Independiente;masculino
Gustavo Lobos Marin;IND;Derecha;masculino
Javier Ugarte Mansilla;PS;Izquierda;masculino
Patricio Javier Barria Alvarez;IND;Independiente;masculino
Fredy Barrueto Viveros;IND;Derecha;masculino
Pablo Urrutia Maldonado;IND;Izquierda;masculino
Cesar Vega Lazo;IND;Derecha;masculino
Juan Elviro Carrasco Contreras;IND;Independiente;masculino
Oscar Saldaña Abarca;IND;Independiente;masculino
Pablo Andres Fuenzalida Salas;PDG;Derecha;masculino
Paola Romero Valdivia;IND;Independiente;femenino
Paulina Rebeca Bobadilla Navarrete;IND;Izquierda;femenino
Claudio Solar Jara;PDC;Centro;masculino
Héctor Rivera Zenteno;RN;Derecha;masculino
Jaime Quilodran Acuña;IND;Independiente;masculino
Pamela Vial Vega;IND;Centro;femenino
Patricio Muñoz Poblete;IND;Independiente;masculino
Felipe Ignacio Catalan Venegas;IND;Independiente;masculino
Felipe Ignacio Fuentealba Godoy;REP;Derecha;masculino
Javier Esteban Campos Parra;PSC;Derecha;masculino
Jorge Ulloa Aguillon;UDI;Derecha;masculino
Miguel Alfonso Peña Jara;PDC;Centro;masculino
Gustavo Bertelsen Mayol;IND;Derecha;masculino
Luis Alberto Mella Gajardo;IND;Independiente;masculino
Oscar Rodolfo Calderon Sanchez;IND;Independiente;masculino
Carolina Corti Badia;RN;Derecha;masculino
Christian Arturo Cardenas Silva;IND;Independiente;masculino
Miguel Angel Botto Salinas;IND;Independiente;masculino
Valeria Andrea Melipillan Figueroa;FA;Izquierda;femenino
Luis Hernan Gonzalez Uribe;IND;Derecha;masculino
Oscar Aristides Gallardo Calbuyahue;IND;Independiente;masculino
Rene Garces Alvarez;IND;Izquierda;masculino
Washington Arnaldo Ulloa Villarroel;UDI;Derecha;masculino
Arturo Gerardo Uribe Aguilera;IND;Independiente;masculino
Luis Enrique Jimenez Pizarro;IND;Independiente;masculino
Luis Galvez Castillo;IND;Independiente;masculino
Monica Matus Rivas;IND;Independiente;femenino
Nelson Patricio Barrios Orostegui;IND;Izquierda;masculino
Sebastián Rodriguez Fuenzalida;IND;Derecha;masculino
Karina Andrea Delfino Mussa;PS;Izquierda;femenino
Manuel Muñoz Palacios;IND;Independiente;masculino
Natalia Silva Herrera;EVOPOLI;Derecha;femenino
Osvaldo Guillermo Muñoz Sanchez;PSC;Derecha;masculino
Veronica Montecinos Ortiz;IND;Independiente;femenino
Alejandro Ignacio Sepulveda Santander;IND;Independiente;masculino
Andres Marcelo San Martín Saez;IND;Independiente;masculino
Eliseo Filomeno Morales Henriquez;POPULAR;Izquierda;masculino
Jacqueline Soledad Paillalef Vega;IND;Independiente;masculino
Jorge San Martín Gutierrez;IND;Independiente;masculino
Jorge Yeisson Collao Cancino;IND;Independiente;masculino
Jose Ricardo Varas Zuñiga;IND;Independiente;masculino
Maritza Verdejo Acuña;RN;Derecha;femenino
Rolando Hernan Silva Fuentes;IND;Independiente;masculino
Tamara Tello Gallo;IND;Independiente;femenino
Abel David Huichalaf Perez;PSC;Derecha;masculino
Eduardo Redlich Mardones;IND;Derecha;masculino
Jose Pedro Hadi Pino;PS;Izquierda;masculino
Luis Pedro Fuentes Alarcon;IND;Independiente;masculino
Maria Alejandra Yañez Muñoz;IND;Independiente;femenino
Nicolas Salgado Ahumada;IND;Independiente;masculino
Rafael Cornejo Riquelme;IND;Independiente;masculino
Raimundo Agliati Marchant;IND;Derecha;masculino
Valentina Belen Caceres Monsalvez;IND;Izquierda;femenino
Claudio Andres Rabanal Muñoz;PPD;Centro;masculino
Nicolas Torres Ovalle;RN;Derecha;masculino
Ana Paola Ponce Rojas;IND;Independiente;femenino
Claudia Medina Hernandez;IND;Izquierda;femenino
Elizabeth Paola Canales Ibarra;IND;Centro;masculino
Ismael Enrique San Martín Aguilera;IND;Independiente;masculino
Luis Gabriel Quezada Herrera;IND;Independiente;masculino
Manuel Jesus Poblete Navarro;IND;Independiente;masculino
Mauricio Hernan Farias Molina;IND;Independiente;masculino
Pablo Andres Muñoz Morales;IND;Derecha;masculino
Pablo Chavez Valderrama;IND;Independiente;masculino
Patricio Osvaldo Ponce Alvarez;IND;Independiente;masculino
Alberto Andres Seguel Mena;IND;Independiente;masculino
Andres Rigoberto Caceres Bravo;IND;Independiente;masculino
Fares Manuel Jadue Leiva;PCCH;Izquierda;masculino
Mauricio Smok Allemandi;UDI;Derecha;masculino
Miguel Acosta Villalon;IND;Independiente;masculino
Alex Lorens Castillo Salamanca;PR;Izquierda;masculino
Carla Francisca Sierra Beltran;IND;Independiente;femenino
Claudio Musre Contreras;IND;Derecha;masculino
Eleodoro Javier Salgado Delgado;IND;Centro;masculino
Héctor Jose Saez Paredes;IND;Independiente;masculino
Nancy Del Carmen Puentes Troncoso;IND;Independiente;femenino
Paola Andrea Hernandez Hernandez;IND;Independiente;femenino
Victor Enrique Fariña Wachtendorff;IND;Independiente;masculino
Camila Ines Aviles Barraza;DEMOCRATAS;Derecha;femenino
Claudio Nicolas Castro Salas;IND;Independiente;masculino
Paul Freddy Herrera Diaz;PDG;Derecha;masculino
Alvaro Valentin Lizana Fuentes;IND;Independiente;masculino
Denisse Tamara Leon Rojas;REP;Derecha;femenino
Enrique Del Barrio Hernandez;IND;Derecha;masculino
Francisco Gonzalez Alegria;IND;Independiente;masculino
Karen Lorca Saavedra;IND;Izquierda;masculino
Samanta Jorquera Jorquera;IND;Independiente;femenino
Antonio Hechem Perez;UDI;Derecha;masculino
Leonardo Peñaloza Medina;IND;Independiente;masculino
Luis Antonio Silva Vargas;IND;Independiente;masculino
Waldo Antonio Valdivia Montecinos;IND;Izquierda;masculino
Ignacio Aristides Luna Vallejos;IND;Izquierda;masculino
Rafael Ramirez Parra;RN;Derecha;masculino
Carla Stefanny Cabello Figueroa;IND;Independiente;femenino
Carlos Montenegro Urbina;IND;Independiente;masculino
Gabriela Alejandra Rubilar Lopez;IND;Independiente;femenino
Juan Antonio Lobos Viguera;IND;Independiente;masculino
Juan Castillo Valle;IND;Izquierda;masculino
Juan Galdames Carmona;IND;Derecha;masculino
Myriam Iturrieta Cruz;DEMOCRATAS;Derecha;femenino
Valeria Espinoza Astorga;REP;Derecha;femenino
Viviana Avila Silva;IND;Independiente;femenino
Carolina Andrea Silva Perez;IND;Independiente;femenino
Gerardo Abraham Jaramillo Asencio;IND;Independiente;masculino
Javier Rosas Bobadilla;PDC;Centro;masculino
Luis Reyes Alvarez;IND;Derecha;masculino
Americo Guajardo Oyarce;RN;Derecha;masculino
Carolina Andrea Tapia Montalvan;PS;Izquierda;femenino
Rosa Maria Navarro Amigo;IND;Independiente;femenino
Carmen Juana Olivares De La Rivera;IND;Izquierda;femenino
Diego Milla Yañez;IND;Independiente;masculino
Luis Vega Gonzalez;UDI;Derecha;masculino
Salvador Anselmo Vega Segovia;REP;Derecha;masculino
Jessy Paola Vargas Bustamante;IND;Izquierda;femenino
Marcelo Jelvez Cardenas;UDI;Derecha;masculino
Ernesto Huaiquian Vera;IND;Izquierda;masculino
Sebastián Cruzat Carcamo;RN;Derecha;masculino
Jorge Espinoza Vasquez;IND;Izquierda;masculino
Sabina Ballesteros Vargas;UDI;Derecha;femenino
Tatiana Vasquez Barrientos;IND;Independiente;femenino
Francisca Marcela Orellana Calixto;IND;Independiente;femenino
Jose Antonio Arellano Lynch;RN;Derecha;masculino
Luis Marin Diaz;IND;Centro;masculino
Maria Jose Huerta Valderrama;IND;Independiente;masculino
Enrri Danilo Bañares Alarcon;IND;Izquierda;masculino
Margarita Zonia Llancafil Aburto;PSC;Derecha;femenino
Mario Llancaleo Blanco;IND;Independiente;masculino
Ricardo Tripainao Calfulaf;IND;Independiente;masculino
Cristian Manuel Palma Herrera;IND;Independiente;masculino
Francisco Javier Melendez Rojas;PS;Izquierda;masculino
Josselyn Alejandra Oyarzun Naranjo;IND;Independiente;femenino
Julio Alfredo Matabenitez Muñoz;IND;Independiente;masculino
Osvaldo Jorquera Padilla;UDI;Derecha;masculino
Patricia Andrea Serrano Vasquez;IND;Independiente;femenino
Roberto Carlos Diaz Rosales;IND;Independiente;masculino
Aaron Eliu Aguilera Cortes;REP;Derecha;masculino
Alejandra Henriquez Cuevas;IND;Independiente;femenino
Alejandro Tello Arata;IND;Independiente;masculino
Carlos Lillo Alamos;IND;Independiente;masculino
Gerardo Andres Rojas Escudero;IND;Izquierda;masculino
Omar Alamos Calderon;IND;Independiente;masculino
Vinka Pusich Camacho;RN;Derecha;femenino
Wilson Gonzalez Ramirez;IND;Independiente;masculino
Alvaro Jose Ignacio Casanova Mora;IND;Independiente;masculino
Enrique Jaime Bahamonde Lagos;REP;Derecha;masculino
Gonzalo Andres Vega Moreno;IND;Izquierda;masculino
Maria Constanza Lizana Sierra;IND;Independiente;femenino
Mario Del Carmen Botro Moya;IND;Independiente;masculino
Omar Vera Castro;IND;Independiente;masculino
Christian Pino Lopez;IND;Independiente;masculino
Christian Walter Gomez Diaz;IND;Derecha;masculino
Christopher Antonio White Bahamondes;PS;Izquierda;masculino
Christopher Edwin Espinoza Oliver;IND;Independiente;masculino
Leonel Cadiz Soto;IND;Independiente;masculino
Victor Galvarino Mol Alcantara;PDG;Derecha;masculino
Beatriz Mercado Contreras;IND;Independiente;femenino
Diego Jose Fernández Mozo;REP;Derecha;masculino
Felipe Rudecindo Letelier Norambuena;IND;Independiente;masculino
Gaston Fariña Vallejos;PSC;Derecha;masculino
Gaston Suazo Soto;PS;Izquierda;masculino
Héctor Eulogio Guzman Vasquez;IND;Independiente;masculino
Jorge Silva Fuentes;UDI;Derecha;masculino
Nayaret Dominguez Aguilera;IND;Independiente;masculino
Oscar Alejandro Nuñez Crisostomo;PDG;Derecha;masculino
Ruben Mendez Venegas;IND;Independiente;masculino
Juan Raul Rojas Vergara;IND;Independiente;masculino
Maria Ines Sepulveda Fuentes;IND;Izquierda;femenino
Octavio Lorenzo Guajardo Vasquez;PSC;Derecha;masculino
Pablo Amaro Valenzuela;IND;Derecha;masculino
Christian Mauricio Ortega Villagras;IND;Independiente;masculino
Patricio Lorenzo Suarez Suarez;PS;Izquierda;masculino
Rene Alejandro Mardones Valencia;IND;Independiente;masculino
Claudio Almuna Garrido;RN;Derecha;masculino
Cristofer Antonio Valdes Gonzalez;IND;Independiente;masculino
Enrique Octavio Olivares Landaeta;IND;Independiente;masculino
Fernando Correa Sandoval;IND;Independiente;masculino
Carmen Castillo Taucher;IND;Izquierda;femenino
Christian Beals Campos;IND;Derecha;masculino
Guillermo Damaso Flores Leiva;REP;Derecha;masculino
Jehielly Jarufe Jofre;PSC;Derecha;masculino
Patricia Ivonne Boffa Casas;IND;Independiente;femenino
Andres Jorquera Cifuentes;IND;Independiente;masculino
Cristian Diaz Correa;IND;Independiente;masculino
Juan Carlos Melendez Santelices;AMARILLOS;Centro;masculino
Julio Peralta Espindola;IND;Independiente;masculino
Maria Jose Diaz Becerra;PPD;Centro;femenino
Pablo Silva Perez;IND;Derecha;masculino
Ximena Flores Peñaloza;IND;Independiente;masculino
Alejandro Carcamo Gajardo;IND;Derecha;masculino
Cristian Eduardo Godoy Poblete;IND;Independiente;masculino
Jeannette Isabel Andrade Ruiz;PDC;Centro;femenino
Marco Aurelio Arteaga Vargas;IND;Independiente;masculino
Juan Ibarra Mella;IND;Independiente;masculino
Leontina Del Carmen Gutierrez Rivas;IND;Independiente;femenino
Patricio Suazo Romero;RN;Derecha;masculino
Richard Orellana Montecino;IND;Independiente;masculino
Rodny Aroldo Baeza Palma;IND;Izquierda;femenino
Carmen Luz Soto Caceres;IND;Independiente;femenino
Cristobal Cancino Albornoz;UDI;Derecha;masculino
Daniel Alejandro Smith Benavente;IND;Derecha;masculino
German Andres Herrera Dinamarca;IND;Independiente;masculino
Jorge Silva Sepulveda;PDC;Centro;masculino
Marcelo Valenzuela Urbina;IND;Independiente;masculino
Miguel Angel De Jesus Gonzalez Parra;IND;Independiente;masculino
Cristobal Amaro Labra Bassa;IND;Independiente;femenino
Mauricio Nova Figueroa;IND;Derecha;masculino
Nicol Isolina Aguilera Ortiz;PAVP;Izquierda;femenino
Sergio Rigoberto Echeverria Garcia;IND;Independiente;masculino
Alejandro Hormazabal Arteaga;IND;Derecha;masculino
Héctor Leonardo Alvarez Carmona;IND;Independiente;masculino
Josue Alejandro Muñoz Madriaza;DEMOCRATAS;Derecha;masculino
Jovita Diaz Aros;IND;Independiente;femenino
Roberto Perez Catalan;PR;Izquierda;masculino
Ana Santibañez Hernandez;IND;Independiente;femenino
Jose Luis Muñoz Uribe;PDC;Centro;masculino
Marcelo Enrique Cheuquian Cumian;IND;Independiente;masculino
Margot Ines Barrientos Molina;IND;Independiente;femenino
Maria Eugenia Silva Muñoz;IND;Derecha;femenino
Carol Bown Sepulveda;UDI;Derecha;masculino
Carolina Onofri Salinas;IND;Independiente;masculino
Erika Paulina Martínez Osorio;FA;Izquierda;femenino
Ernesto Balcazar Gamboa;IND;Independiente;masculino
Joaquin Alberto Cuadra Reyes;IND;Independiente;masculino
Matías Freire Vallejos;IND;Independiente;masculino
Patricia Hernandez Cortes;IND;Independiente;femenino
Rodrigo Israel Iturra Becerra;DEMOCRATAS;Derecha;masculino
Marco Antonio Muñoz Molina;IND;Independiente;masculino
Rafael Gonzalez Navarrete;IND;Independiente;masculino
Sergio Emilio Saavedra Torres;IND;Independiente;masculino
Victor Hugo Rice Sanchez;RN;Derecha;masculino
Victor Ramon Toro Leiva;IND;Independiente;masculino
Carmen Cabrera Pinuer;IND;Centro;femenino
Jose Armando Guarda Carrillo;IND;Independiente;masculino
Juan Carlos Soto Caucau;RN;Derecha;masculino
Marco Antonio Carrillo Bravo;PPD;Centro;masculino
Emilio Marcelo Cerda Sagurie;IND;Izquierda;masculino
Felipe Ignacio Antonio Yañez Figueroa;IND;Independiente;masculino
Florentino Flores Armijo;IND;Independiente;masculino
Manuel Devia Vilches;IND;Derecha;masculino
Marcia Quiroz Mallea;IND;Independiente;femenino
Aliro Catur Zuleta;IND;Derecha;masculino
Denis Roberth Condori Anza;IND;Independiente;masculino
Justo Alexis Zuleta Santander;IND;Izquierda;masculino
Ricardo Mario Mallorca Quispe;PDG;Derecha;masculino
Audito Retamal Lazo;PPD;Centro;masculino
Cristina Burgos Barria;IND;Independiente;femenino
Gisela Paulina Vergara Henriquez;REP;Derecha;femenino
Javier Guiñez Castro;IND;Independiente;masculino
Juan Pablo Spoerer Brito;EVOPOLI;Derecha;masculino
Marcelo Patricio Bersano Reyes;IND;Independiente;masculino
Paula Opazo Nova;IND;Independiente;femenino
Rene Betanzo Gomez;IND;Independiente;femenino
Yazmin Jarpa Manriquez;IND;Independiente;femenino
Basilio Octavio Perez Diaz;IND;Independiente;masculino
Cesar Gabriel Cantuarias Chazarro;IND;Independiente;masculino
Emilio Jose Yañez Moraga;IND;Independiente;masculino
Franco Enrique Garrido Ramirez;IND;Centro;masculino
Luis Moraga Duran;PDC;Centro;masculino
Andres Olguin Guzman;IND;Independiente;masculino
David Cabedo Rosas;RN;Derecha;masculino
Genaro Balladares Schwaner;IND;Independiente;masculino
Gustavo Toro Quintana;PDC;Centro;masculino
Miguel Angel Garrido Aguero;IND;Independiente;masculino
Roxana Riquelme Tabach;IND;Independiente;femenino
Efrain Oporto Torres;RN;Derecha;masculino
Joaquin Sanhueza Villaman;IND;Independiente;masculino
Rabindranath Acuña Olate;IND;Independiente;masculino
Edinson Rafael Toro Rojas;IND;Independiente;masculino
Francisco Canales Ceron;IND;Independiente;masculino
Gabriela Soto Cisternas;IND;Independiente;femenino
Guido Carreño Reyes;UDI;Derecha;masculino
Jorge Luis Pavez Rozas;FA;Izquierda;masculino
Jose Pablo Donoso Urzua;REP;Derecha;masculino
Virginia Troncoso Hellman;IND;Independiente;masculino
Claudio Alejandro Muñoz Seguel;IND;Independiente;masculino
Claudio Andres Melo Perez;REP;Derecha;masculino
Cristian Oses Abuter;RN;Derecha;masculino
Dario Sebastián Chamorro Chamorro;IND;Independiente;masculino
Erasmo Zavala Cerda;IND;Independiente;masculino
Maximo Salamanca Barra;DEMOCRATAS;Derecha;masculino
Pablo Salazar Lillo;IND;Izquierda;masculino
Bryan Nicolas Moreno Silva;IND;Independiente;masculino
Carlos Patricio Cisterna Pavez;PS;Izquierda;masculino
Diego Ramirez Donoso;IND;Independiente;masculino
Yamil Ethit Romero;IND;Derecha;femenino
Ana Albornoz Cuevas;IND;Independiente;femenino
Angel Castro Medina;IND;Independiente;masculino
Claudio Patricio Zurita Ibarra;IND;Izquierda;masculino
Gaspar Mateo Ortiz Cardenas;IND;Independiente;masculino
Irací Luiza Hassler Jacob;PCCH;Izquierda;masculino
Karen Elizabeth Osorio Muñoz;PDG;Derecha;femenino
Mario Desbordes Jimenez;RN;Derecha;masculino
Rosario Del Carmen Carvajal Araya;IND;Independiente;masculino
Augusto Pinochet Molina;IND;Independiente;masculino
Dino Lotito Flores;RN;Derecha;masculino
Fernando Jose Rodriguez Larrain;IND;Independiente;masculino
Adriana Natali Rivera Vega;IND;Independiente;femenino
Deborah Paredes Cuevas;IND;Izquierda;femenino
Diego Fernández Soto;IND;Derecha;masculino
Jose Guerrero Venegas;IND;Independiente;masculino
Annemarie Irene Muller During;REP;Derecha;femenino
Luis Reyes Villavicencio;IND;Independiente;masculino
Sebastián Enrique Rosas Guerrero;IND;Izquierda;masculino
Juan Carlos Diaz Avendaño;RN;Derecha;masculino
Patricia Carolina Hidalgo Jeldes;PAVP;Izquierda;femenino
Sixto Gonzalez Soto;PCCH;Izquierda;masculino
Eduardo Saavedra Bustos;PS;Izquierda;masculino
Henry Campos Coa;UDI;Derecha;masculino
Jose Esteban Alarcon Vargas;IND;Independiente;masculino
Guillermo Hidalgo Ocampo;IND;Izquierda;masculino
Jose Eduardo Gutierrez Ubeda;IND;Independiente;masculino
Mario Acuña Villalobos;IND;Independiente;masculino
Rosamery Andrea Orellana Figueroa;IND;Independiente;masculino
Jorge Alejandro Sepulveda Rosales;PSC;Derecha;masculino
Pedro Duran Sanhueza;RN;Derecha;masculino
Roberto Francisco Neira Aburto;IND;Izquierda;masculino
Jose Luis Caceres Nicolao;IND;Independiente;masculino
Matías Rojas Medina;IND;Independiente;masculino
Sandra Cecilia Amestica Gaete;IND;Izquierda;femenino
Sandra Valenzuela Perez;UDI;Derecha;femenino
Wildo Richard Farias Gonzalez;IND;Independiente;masculino
Alfredo Waldemar Riquelme Arriagada;PPD;Centro;masculino
Baldomero Santos Vidal;UDI;Derecha;masculino
Carolina Badilla Castro;PSC;Derecha;femenino
Cindy Antonella Quevedo Monardez;IND;Independiente;femenino
Cristobal Zuñiga Arancibia;IND;Independiente;masculino
Daniela Isabel Munizaga Villegas;REP;Derecha;femenino
Enrique Alexander Soto Guerrero;FA;Izquierda;masculino
Joel Carrizo Diaz;IND;Independiente;masculino
Jonathan Alfredo Carmona Diaz;IND;Independiente;masculino
Yhanss George Delgado Quevedo;IND;Independiente;masculino
Cesar Eugenio Mena Retamal;IND;Derecha;masculino
Cristobal Sanchez Carvallo;IND;Independiente;masculino
Luis Andres Valenzuela Cruzat;FA;Izquierda;masculino
Sergio Tapia Sandoval;IND;Independiente;masculino
Valentina Dominguez Saavedra;IND;Independiente;femenino
Fernando Rene Callahan Giddings;IND;Independiente;masculino
Luis Barria Andrade;IND;Derecha;masculino
Jose Linco Garrido;IND;Izquierda;masculino
Neftali Alberto Nahuelqueo Llanquileo;REP;Derecha;masculino
Pedro Roberto Marileo Lavin;IND;Independiente;masculino
Daniela Vecchiola Riquelme;IND;Derecha;femenino
Ljubica Elena Kurtovic Cortes;IND;Independiente;masculino
Luis Rafael Moyano Cruz;IND;Independiente;masculino
Pablo Gabriel Albornoz Campusano;FREVS;Izquierda;masculino
Cristian Ismael Sandoval Ortiz;IND;Independiente;masculino
Guillermo Martínez Soto;UDI;Derecha;masculino
Julio Lautaro Huenul Lopez;PDC;Centro;masculino
Boris Carikeo Aguilera;EVOPOLI;Derecha;masculino
Fernando Muñoz Carrasco;IND;Independiente;masculino
Italo Caceres Lizana;IND;Independiente;masculino
Ivonne Rivas Ortiz;PDC;Centro;femenino
Jonathan Hidalgo Hidalgo;IND;Independiente;masculino
Juan Manuel Riffo Ortiz;IND;Independiente;masculino
Amaru Ernesto Rogel Borquez;PCCH;Izquierda;masculino
Anahi Cardenas Rodriguez;IND;Derecha;femenino
Victor Hugo Mansilla Vidal;IND;Independiente;masculino
Abel Albino Becerra Vidal;IND;Izquierda;masculino
Bernardo Alejandro Lopez Sierra;IND;Independiente;masculino
Marisela Clorinda Jimenez Cruces;IND;Independiente;femenino
Elvira Roxana Aravena Gaete;IND;Independiente;femenino
Felipe Andres Osses Cerna;PPD;Centro;masculino
Fernando Rodrigo Contreras Boisier;IND;Independiente;masculino
Luis Alvarez Valenzuela;IND;Derecha;masculino
Isaias Cruces Valdebenito;UDI;Derecha;masculino
Jorge Morales Sanhueza;IND;Independiente;masculino
Raul Jaime Espejo Escobar;IND;Independiente;masculino
Jaime Henriquez Vega;PDC;Centro;masculino
Jaime Veloso Jara;RN;Derecha;masculino
Carla Andrea Amtmann Fecci;FA;Izquierda;masculino
Eduardo Berger Silva;RN;Derecha;masculino
Jorge Eduardo Vives Dibarrart;AMARILLOS;Centro;masculino
Jose Ignacio Bustos Muñoz;PSC;Derecha;masculino
Leandro Jorge Kunstmann Collado;REP;Derecha;masculino
Alexis Del Carmen Lemus Campillay;IND;Independiente;femenino
Armando Pablo Flores Jimenez;IND;Independiente;masculino
Luis Alberto Tapia Avalos;PDG;Derecha;masculino
Maria Marjorie Jopia Herrera;IND;Derecha;masculino
Roberto Eugenio Calderon Gomez;IND;Independiente;masculino
Rodrigo Sebastián Loyola Morenilla;IND;Independiente;masculino
Sebastián Simon Vega;IND;Independiente;masculino
Victor Manuel Isla Lutz;IND;Independiente;masculino
Alexis Oliveros Aguilar;IND;Independiente;masculino
Camila Tatiana Nieto Hernandez;FA;Izquierda;femenino
Carla Elena Meyer Arancibia;IND;Independiente;femenino
Juan Marcelo Valenzuela Henriquez;PDG;Derecha;masculino
Marcela Patricia Figueroa Kupfer;IND;Centro;femenino
Rafael Gonzalez Camus;IND;Derecha;masculino
Rodrigo Alejandro Diaz Yubero;IND;Independiente;masculino
Zuliana Alejandra Araya Gutierrez;IND;Independiente;femenino
Maria Teresa Bravo Maturana;IND;Independiente;masculino
Matías Marcelo Fuenzalida Yañez;IND;Izquierda;masculino
Patricio Rivera Bravo;IND;Derecha;masculino
Alfredo Benavides Vidal;IND;Independiente;masculino
Ariel Guzman Iturra;IND;Derecha;femenino
Claudio Miranda Ibañez;IND;Independiente;masculino
Javier Alejandro Jaramillo Soto;IND;Independiente;masculino
Luis Felipe Vidal Ibañez;IND;Centro;masculino
Maria Soledad Castillo Henriquez;IND;Independiente;femenino
Marisol Acuña Riquelme;IND;Independiente;femenino
Paulo Cesar Miranda Araneda;IND;Independiente;masculino
Kether Bautista Gomez Pasten;IND;Izquierda;masculino
Mario Aros Carvajal;IND;Derecha;masculino
Marta Castillo Castro;IND;Independiente;femenino
Rodrigo Alcayaga Rojas;IND;Independiente;masculino
Silvio Mattos Araya;PSC;Derecha;masculino
Yerman Rojas Castillo;IND;Independiente;masculino
Bernardo Mora Lara;IND;Independiente;masculino
Katherinne Migueles Muñoz;RN;Derecha;femenino
Susana Ximena Aguilera Vega;PPD;Centro;femenino
Arturo Del Carmen Palma Vilches;IND;Independiente;masculino
Horacio Alejandro Lobos Azocar;IND;Independiente;masculino
Pablo Benito Fuentes Vallejos;IND;Derecha;masculino
Edith Marjorie Alvear Guerra;PCCH;Izquierda;femenino
Javiera Italia Toledo Muñoz;IND;Independiente;femenino
Marlene Laura Gonzalez Ahumada;IND;Independiente;femenino
Nelson Estay Molina;IND;Derecha;masculino
Alejandra Aillapan Huiriqueo;IND;Independiente;femenino
Carlos Alberto Masciocchi Leon;FA;Izquierda;masculino
German Vergara Lagos;IND;Derecha;femenino
Katalina Gudenschwager Basso;IND;Independiente;femenino
Maria Zulema Vergara Quimen;PSC;Derecha;femenino
Pablo Astete Mermoud;IND;Independiente;masculino
Arturo Edgardo Fernández Diaz;IND;Independiente;masculino
Camila Merino Catalan;EVOPOLI;Derecha;femenino
Juan Carlos Urzua Pettinelli;PL;Izquierda;masculino
Raul Anibal Meza Rodriguez;IND;Independiente;masculino
Iván Poduje Capdeville;IND;Derecha;masculino
Macarena Carolina Ripamonti Serrano;FA;Izquierda;femenino
Manuel Alejandro Diaz Barraza;IND;Independiente;masculino
Adrian Rodrigo Sepulveda Jara;IND;Independiente;masculino
Alejandra Cadegan Maldonado;PDC;Centro;femenino
Fernando Arturo Astete Mendiburo;IND;Independiente;masculino
Jaime Claret Arias;IND;Independiente;masculino
Jonathan Norambuena Barros;IND;Derecha;masculino
Jose Mosqueira Miranda;IND;Independiente;masculino
Rafael Enrique Viguera Gonzalez;IND;Independiente;masculino
Roden Fabriciano Arevalo Parada;IND;Independiente;masculino
Alejandro Velasquez Meza;IND;Independiente;masculino
Cristian Alejandro Sobarzo Sanhueza;IND;Independiente;masculino
Cristian Karin Cerro Garrido;IND;Izquierda;masculino
Jose Saez Vinet;IND;Independiente;masculino
Alejandro Becerra Vega;IND;Independiente;masculino
Cecilia Janet Meneses Velasquez;REP;Derecha;femenino
Gonzalo Rojas Sandoval;IND;Independiente;masculino
Jacqueline Del Carmen Beltran Fuentes;IND;Centro;femenino
Pedro Enrique Inostroza Valenzuela;IND;Independiente;masculino
Rafael Cifuentes Rodriguez;PS;Izquierda;masculino
Carolina Letelier Riumallo;IND;Independiente;femenino
Gustavo Alessandri Bascuñan;IND;Derecha;masculino
Jacqueline Molina Villarroel;IND;Independiente;femenino
Alex Valenzuela Sanchez;RN;Derecha;masculino
Alexis Mendez Uribe;IND;Independiente;masculino
Ariel Ignacio Miranda Vallejos;IND;Independiente;masculino
Jose Mercado Fuentes;IND;Independiente;masculino
Mauricio Catoni Contreras;IND;Izquierda;masculino
Emilia Ríos Saavedra;FA;Izquierda;femenino
Emilio Romero Berrios;IND;Independiente;masculino
Josue Albert Ormazabal Morales;IND;Independiente;masculino
Sebastián Sichel Ramirez;IND;Derecha;masculino
